Date,Open,High,Low,Close,Adj Close,Volume
2014-06-13,18.440001,18.500000,18.430000,18.500000,18.500000,275
2014-06-16,18.500000,18.540001,18.450001,18.450001,18.450001,170
2014-06-17,18.530001,18.530001,18.469999,18.469999,18.469999,1400
2014-06-18,18.510000,18.510000,18.510000,18.510000,18.510000,7000
2014-06-19,null,null,null,null,null,null
2014-06-20,18.650000,18.740000,18.650000,18.740000,18.740000,400
2014-06-23,18.740000,18.750000,18.740000,18.750000,18.750000,5534
2014-06-24,18.680000,18.730000,18.680000,18.730000,18.730000,170
2014-06-25,18.799999,18.799999,18.570000,18.570000,18.570000,400
2014-06-26,18.570000,18.570000,18.570000,18.570000,18.570000,0
2014-06-27,18.549999,18.549999,18.549999,18.549999,18.549999,0
2014-06-30,18.580000,18.580000,18.500000,18.520000,18.520000,6821
2014-07-01,null,null,null,null,null,null
2014-07-02,18.639999,18.639999,18.639999,18.639999,18.639999,0
2014-07-03,null,null,null,null,null,null
2014-07-04,18.799999,18.799999,18.780001,18.780001,18.780001,400
2014-07-07,18.799999,18.799999,18.760000,18.760000,18.760000,901
2014-07-08,18.709999,18.709999,18.709999,18.709999,18.709999,0
2014-07-09,18.709999,18.709999,18.709999,18.709999,18.709999,0
2014-07-10,18.730000,18.730000,18.719999,18.730000,18.730000,250
2014-07-11,18.719999,18.719999,18.719999,18.719999,18.719999,0
2014-07-14,18.799999,18.799999,18.780001,18.780001,18.780001,245
2014-07-15,18.820000,18.820000,18.780001,18.780001,18.780001,425
2014-07-16,18.860001,18.940001,18.860001,18.940001,18.940001,335
2014-07-17,18.940001,18.940001,18.940001,18.940001,18.940001,0
2014-07-18,18.920000,18.920000,18.920000,18.920000,18.920000,0
2014-07-21,18.920000,18.920000,18.900000,18.900000,18.900000,2779
2014-07-22,18.969999,19.090000,18.969999,19.070000,19.070000,749
2014-07-23,19.090000,19.100000,19.090000,19.100000,19.100000,65
2014-07-24,19.120001,19.120001,19.120001,19.120001,19.120001,0
2014-07-25,19.139999,19.150000,19.070000,19.070000,19.070000,3784
2014-07-28,19.059999,19.070000,19.030001,19.070000,19.070000,2660
2014-07-29,19.080000,19.200001,19.080000,19.090000,19.090000,1480
2014-07-30,19.000000,19.000000,19.000000,19.000000,19.000000,0
2014-07-31,null,null,null,null,null,null
2014-08-01,null,null,null,null,null,null
2014-08-04,18.639999,18.639999,18.639999,18.639999,18.639999,200
2014-08-05,18.660000,18.670000,18.629999,18.629999,18.629999,1362
2014-08-06,18.610001,18.610001,18.610001,18.610001,18.610001,0
2014-08-07,18.600000,18.600000,18.590000,18.590000,18.590000,500
2014-08-08,18.500000,18.500000,18.500000,18.500000,18.500000,0
2014-08-11,18.700001,18.780001,18.700001,18.780001,18.780001,322
2014-08-12,18.700001,18.700001,18.700001,18.700001,18.700001,0
2014-08-13,18.980000,18.980000,18.840000,18.850000,18.850000,150
2014-08-14,18.830000,18.850000,18.830000,18.850000,18.850000,3000
2014-08-15,18.950001,18.950001,18.820000,18.820000,18.820000,1375
2014-08-18,18.980000,19.030001,18.980000,19.030001,19.030001,345
2014-08-19,19.129999,19.170000,19.129999,19.170000,19.170000,525
2014-08-20,19.250000,19.250000,19.250000,19.250000,19.250000,520
2014-08-21,19.320000,19.340000,19.320000,19.340000,19.340000,130
2014-08-22,19.360001,19.370001,19.330000,19.370001,19.370001,620
2014-08-25,19.520000,19.520000,19.510000,19.510000,19.510000,1000
2014-08-26,19.530001,19.530001,19.530001,19.530001,19.530001,200
2014-08-27,19.530001,19.530001,19.490000,19.490000,19.490000,50
2014-08-28,19.480000,19.530001,19.480000,19.520000,19.520000,220
2014-08-29,19.490000,19.620001,19.490000,19.620001,19.620001,2
2014-09-01,19.690001,19.690001,19.660000,19.680000,19.680000,1261
2014-09-02,20.010000,20.010000,19.620001,19.620001,19.620001,1313
2014-09-03,19.680000,19.680000,19.610001,19.610001,19.610001,350
2014-09-04,null,null,null,null,null,null
2014-09-05,null,null,null,null,null,null
2014-09-08,19.990000,19.990000,19.980000,19.980000,19.980000,625
2014-09-09,20.020000,20.030001,19.930000,19.930000,19.930000,315
2014-09-10,19.889999,19.889999,19.889999,19.889999,19.889999,0
2014-09-11,19.950001,19.950001,19.850000,19.900000,19.900000,1387
2014-09-12,19.969999,19.990000,19.860001,19.860001,19.860001,900
2014-09-15,19.879999,19.879999,19.760000,19.850000,19.850000,3325
2014-09-16,19.860001,19.950001,19.860001,19.950001,19.950001,5025
2014-09-17,20.000000,20.000000,19.980000,19.990000,19.990000,950
2014-09-18,20.180000,20.190001,20.139999,20.170000,20.170000,980
2014-09-19,20.280001,20.299999,20.280001,20.290001,20.290001,1477
2014-09-22,20.190001,20.280001,20.170000,20.230000,20.230000,1200
2014-09-23,20.100000,20.100000,20.100000,20.100000,20.100000,0
2014-09-24,20.260000,20.260000,20.260000,20.260000,20.260000,0
2014-09-25,20.260000,20.260000,20.180000,20.180000,20.180000,150
2014-09-26,20.150000,20.150000,20.150000,20.150000,20.150000,0
2014-09-29,20.250000,20.250000,20.209999,20.209999,20.209999,263
2014-09-30,20.320000,20.520000,20.320000,20.420000,20.420000,3700
2014-10-01,20.379999,20.400000,20.250000,20.250000,20.250000,125
2014-10-02,null,null,null,null,null,null
2014-10-06,20.490000,20.490000,20.350000,20.350000,20.350000,1623
2014-10-07,20.200001,20.200001,20.070000,20.100000,20.100000,909
2014-10-08,19.900000,19.900000,19.900000,19.900000,19.900000,0
2014-10-09,20.139999,20.139999,20.090000,20.110001,20.110001,1403
2014-10-10,19.790001,19.920000,19.790001,19.900000,19.900000,3232
2014-10-13,19.639999,19.680000,19.620001,19.660000,19.660000,1800
2014-10-14,19.500000,19.590000,19.450001,19.590000,19.590000,400
2014-10-15,19.530001,19.530001,19.430000,19.430000,19.430000,12760
2014-10-16,19.100000,19.100000,18.790001,19.059999,19.059999,835
2014-10-17,19.120001,19.360001,19.070000,19.360001,19.360001,3440
2014-10-20,19.430000,19.430000,19.250000,19.360001,19.360001,750
2014-10-21,19.410000,19.760000,19.410000,19.760000,19.760000,2955
2014-10-22,19.959999,20.070000,19.910000,20.070000,20.070000,363
2014-10-23,20.110001,20.110001,20.110001,20.110001,20.110001,0
2014-10-24,20.070000,20.139999,20.059999,20.139999,20.139999,400
2014-10-27,20.190001,20.190001,20.100000,20.100000,20.100000,295
2014-10-28,20.170000,20.170000,20.110001,20.110001,20.110001,100
2014-10-29,20.270000,20.280001,20.240000,20.240000,20.240000,207
2014-10-30,20.190001,20.440001,20.190001,20.330000,20.330000,660
2014-10-31,20.770000,20.770000,20.750000,20.750000,20.750000,550
2014-11-03,20.830000,20.860001,20.785000,20.833000,20.833000,1844
2014-11-04,20.865000,20.889999,20.695000,20.695000,20.695000,725
2014-11-05,20.930000,21.004999,20.930000,20.952999,20.952999,6744
2014-11-06,20.990000,21.139999,20.990000,21.129999,21.129999,705
2014-11-07,21.225000,21.245001,21.200001,21.200001,21.200001,149
2014-11-10,null,null,null,null,null,null
2014-11-11,21.299999,21.315001,21.225000,21.225000,21.225000,1991
2014-11-12,null,null,null,null,null,null
2014-11-13,null,null,null,null,null,null
2014-11-14,null,null,null,null,null,null
2014-11-17,null,null,null,null,null,null
2014-11-18,null,null,null,null,null,null
2014-11-19,null,null,null,null,null,null
2014-11-20,21.184999,21.280001,21.184999,21.280001,21.280001,10
2014-11-21,21.525000,21.655001,21.525000,21.635000,21.635000,311
2014-11-24,null,null,null,null,null,null
2014-11-25,null,null,null,null,null,null
2014-11-26,null,null,null,null,null,null
2014-11-27,21.495001,21.545000,21.495001,21.518000,21.518000,3379
2014-11-28,21.580000,21.615000,21.469999,21.615000,21.615000,9689
2014-12-01,21.490000,21.490000,21.365000,21.465000,21.465000,9905
2014-12-02,21.530001,21.655001,21.530001,21.655001,21.655001,425
2014-12-03,21.785000,21.855000,21.775000,21.844999,21.844999,1220
2014-12-04,21.879999,21.900000,21.555000,21.555000,21.555000,354
2014-12-05,21.754999,21.848000,21.754999,21.848000,21.848000,758
2014-12-08,21.895000,22.200001,21.805000,21.805000,21.805000,3595
2014-12-09,21.545000,21.559999,21.313000,21.313000,21.313000,3045
2014-12-10,21.450001,21.459999,21.215000,21.215000,21.215000,2078
2014-12-11,21.115000,21.413000,21.115000,21.413000,21.413000,2200
2014-12-12,21.000000,21.070000,20.875000,20.875000,20.875000,1060
2014-12-15,20.875000,20.924999,20.632999,20.632999,20.632999,1458
2014-12-16,20.600000,20.878000,20.600000,20.878000,20.878000,975
2014-12-17,null,null,null,null,null,null
2014-12-18,22.000000,22.000000,21.405001,21.405001,21.405001,960
2014-12-19,21.825001,21.870001,21.684999,21.834999,21.834999,4140
2014-12-22,21.885000,21.905001,21.834999,21.900000,21.900000,365
2014-12-23,21.969999,22.174999,21.969999,22.174999,22.174999,10050
2014-12-29,22.180000,22.193001,22.150000,22.193001,22.193001,5526
2014-12-30,22.139999,22.180000,22.139999,22.167999,22.167999,3267
2015-01-02,22.195000,22.200001,22.108000,22.108000,22.108000,1824
2015-01-05,22.129999,22.264999,22.033001,22.033001,22.033001,1764
2015-01-06,22.010000,22.120001,21.924999,21.924999,21.924999,1196
2015-01-07,22.245001,22.245001,22.223000,22.223000,22.223000,365
2015-01-08,22.590000,22.733000,22.575001,22.733000,22.733000,920
2015-01-09,22.725000,22.725000,22.507999,22.507999,22.507999,980
2015-01-12,22.545000,22.719999,22.504999,22.504999,22.504999,2054
2015-01-13,22.540001,22.844999,22.540001,22.712999,22.712999,3170
2015-01-14,22.315001,22.490000,22.173000,22.173000,22.173000,3453
2015-01-15,22.469999,22.700001,22.440001,22.673000,22.673000,1630
2015-01-16,22.555000,22.893000,22.475000,22.893000,22.893000,844
2015-01-19,null,null,null,null,null,null
2015-01-20,null,null,null,null,null,null
2015-01-21,23.025000,23.025000,22.895000,22.993000,22.993000,11450
2015-01-22,23.035000,23.445000,23.020000,23.445000,23.445000,6978
2015-01-23,23.795000,24.040001,23.760000,23.760000,23.760000,5320
2015-01-26,23.700001,23.700001,23.603001,23.603001,23.603001,1795
2015-01-27,23.799999,23.799999,23.010000,23.132999,23.132999,2390
2015-01-28,23.275000,23.275000,23.105000,23.177999,23.177999,300
2015-01-29,null,null,null,null,null,null
2015-01-30,22.940001,22.940001,22.780001,22.843000,22.843000,1670
2015-02-02,22.674999,22.805000,22.500000,22.805000,22.805000,2551
2015-02-03,23.035000,23.035000,22.799999,22.799999,22.799999,1165
2015-02-04,22.985001,23.083000,22.985001,23.083000,23.083000,892
2015-02-05,23.059999,23.183001,23.059999,23.183001,23.183001,1315
2015-02-06,23.165001,23.420000,23.165001,23.343000,23.343000,4387
2015-02-09,23.184999,23.240000,23.090000,23.223000,23.223000,4652
2015-02-10,23.268000,23.268000,23.268000,23.268000,23.268000,0
2015-02-11,23.405001,23.405001,23.350000,23.368000,23.368000,200
2015-02-12,23.415001,23.415001,23.280001,23.298000,23.298000,1289
2015-02-13,23.385000,23.440001,23.385000,23.388000,23.388000,250
2015-02-16,23.350000,23.468000,23.320000,23.468000,23.468000,170
2015-02-17,23.480000,23.485001,23.415001,23.448000,23.448000,825
2015-02-18,23.514999,23.514999,23.490000,23.513000,23.513000,2231
2015-02-19,23.355000,23.469999,23.350000,23.462999,23.462999,4701
2015-02-20,23.495001,23.575001,23.430000,23.430000,23.430000,3401
2015-02-23,23.520000,23.650000,23.520000,23.580000,23.580000,4515
2015-02-24,23.635000,23.673000,23.580000,23.673000,23.673000,740
2015-02-25,23.615000,23.655001,23.565001,23.584999,23.584999,1838
2015-02-26,23.615000,23.882999,23.615000,23.882999,23.882999,469
2015-02-27,23.830000,23.920000,23.830000,23.850000,23.850000,1440
2015-03-02,23.870001,23.888000,23.719999,23.888000,23.888000,1221
2015-03-03,23.860001,23.975000,23.718000,23.718000,23.718000,1040
2015-03-04,23.830000,23.940001,23.830000,23.940001,23.940001,3685
2015-03-05,24.014999,24.084999,23.969999,24.052999,24.052999,8381
2015-03-06,24.070000,24.200001,24.040001,24.040001,24.040001,1030
2015-03-09,23.879999,24.070000,23.834999,24.052999,24.052999,2009
2015-03-10,24.215000,24.215000,24.080000,24.110001,24.110001,6590
2015-03-11,24.129999,24.420000,24.129999,24.298000,24.298000,1812
2015-03-12,24.235001,24.372999,24.200001,24.372999,24.372999,2195
2015-03-13,24.395000,24.469999,24.379999,24.393000,24.393000,1391
2015-03-16,24.440001,24.510000,24.420000,24.483000,24.483000,14902
2015-03-17,24.330000,24.388000,24.315001,24.388000,24.388000,410
2015-03-18,24.424999,24.424999,24.263000,24.263000,24.263000,72
2015-03-19,24.530001,24.530001,24.530001,24.530001,24.530001,0
2015-03-20,24.555000,24.555000,24.308001,24.308001,24.308001,15289
2015-03-23,null,null,null,null,null,null
2015-03-24,24.184999,24.219999,24.108000,24.108000,24.108000,500
2015-03-25,23.924999,23.975000,23.743000,23.743000,23.743000,1250
2015-03-26,23.370001,23.743000,23.315001,23.743000,23.743000,3727
2015-03-27,23.915001,23.940001,23.712999,23.712999,23.712999,7500
2015-03-30,24.049999,24.218000,24.049999,24.218000,24.218000,830
2015-03-31,24.260000,24.360001,24.260000,24.360001,24.360001,30
2015-04-01,null,null,null,null,null,null
2015-04-02,23.905001,23.985001,23.889999,23.985001,23.985001,433
2015-04-07,24.200001,24.292999,24.100000,24.292999,24.292999,2483
2015-04-08,24.219999,24.219999,24.145000,24.208000,24.208000,5806
2015-04-09,24.410000,24.485001,24.410000,24.485001,24.485001,920
2015-04-10,24.865000,24.933001,24.805000,24.933001,24.933001,228
2015-04-13,null,null,null,null,null,null
2015-04-14,24.850000,24.850000,24.584999,24.663000,24.663000,239
2015-04-15,24.855000,25.023001,24.855000,25.023001,25.023001,500
2015-04-16,24.719999,24.728001,24.700001,24.728001,24.728001,612
2015-04-17,24.420000,24.420000,24.420000,24.420000,24.420000,0
2015-04-20,24.480000,24.783001,24.480000,24.783001,24.783001,35
2015-04-21,24.975000,25.045000,24.673000,24.673000,24.673000,300
2015-04-22,24.650000,24.728001,24.650000,24.728001,24.728001,16
2015-04-23,24.690001,24.700001,24.650000,24.667999,24.667999,408
2015-04-24,24.469999,24.740000,24.440001,24.603001,24.603001,5681
2015-04-27,24.610001,24.709999,24.573000,24.573000,24.573000,2314
2015-04-28,null,null,null,null,null,null
2015-04-29,24.485001,24.510000,23.879999,23.968000,23.968000,3687
2015-04-30,null,null,null,null,null,null
2015-05-04,23.745001,23.795000,23.680000,23.778000,23.778000,2229
2015-05-05,null,null,null,null,null,null
2015-05-06,null,null,null,null,null,null
2015-05-07,22.950001,23.223000,22.940001,23.223000,23.223000,1398
2015-05-08,23.395000,23.645000,23.395000,23.638000,23.638000,639
2015-05-11,23.690001,23.770000,23.670000,23.747999,23.747999,385
2015-05-12,23.200001,23.382999,23.200001,23.382999,23.382999,44
2015-05-13,23.434999,23.480000,23.139999,23.139999,23.139999,308
2015-05-14,23.065001,23.254999,23.065001,23.254999,23.254999,9509
2015-05-15,23.420000,23.420000,23.180000,23.180000,23.180000,100
2015-05-18,23.315001,23.440001,23.299999,23.440001,23.440001,2950
2015-05-19,23.735001,23.885000,23.735001,23.848000,23.848000,1100
2015-05-20,24.000000,24.000000,23.850000,23.988001,23.988001,394
2015-05-21,null,null,null,null,null,null
2015-05-22,23.775000,24.040001,23.700001,23.983000,23.983000,1235
2015-05-26,null,null,null,null,null,null
2015-05-27,null,null,null,null,null,null
2015-05-28,null,null,null,null,null,null
2015-05-29,null,null,null,null,null,null
2015-06-01,24.209999,24.209999,24.068001,24.068001,24.068001,503
2015-06-02,23.563000,23.563000,23.563000,23.563000,23.563000,0
2015-06-03,null,null,null,null,null,null
2015-06-04,23.132999,23.132999,23.132999,23.132999,23.132999,0
2015-06-05,23.120001,23.288000,23.080000,23.288000,23.288000,1713
2015-06-08,null,null,null,null,null,null
2015-06-09,null,null,null,null,null,null
2015-06-10,null,null,null,null,null,null
2015-06-11,23.160000,23.184999,23.160000,23.184999,23.184999,115
2015-06-12,22.940001,22.940001,22.940001,22.940001,22.940001,0
2015-06-15,null,null,null,null,null,null
2015-06-16,null,null,null,null,null,null
2015-06-17,null,null,null,null,null,null
2015-06-18,22.799999,23.038000,22.799999,23.038000,23.038000,50
2015-06-19,23.129999,23.129999,23.129999,23.129999,23.129999,0
2015-06-22,23.075001,23.135000,23.059999,23.059999,23.059999,233
2015-06-23,23.450001,23.450001,23.348000,23.348000,23.348000,194
2015-06-24,null,null,null,null,null,null
2015-06-25,23.253000,23.253000,23.253000,23.253000,23.253000,0
2015-06-26,null,null,null,null,null,null
2015-06-29,23.139999,23.139999,22.968000,22.968000,22.968000,36
2015-06-30,null,null,null,null,null,null
2015-07-01,null,null,null,null,null,null
2015-07-02,23.225000,23.225000,23.118000,23.118000,23.118000,58
2015-07-03,null,null,null,null,null,null
2015-07-06,null,null,null,null,null,null
2015-07-07,null,null,null,null,null,null
2015-07-08,null,null,null,null,null,null
2015-07-09,null,null,null,null,null,null
2015-07-10,null,null,null,null,null,null
2015-07-13,null,null,null,null,null,null
2015-07-14,null,null,null,null,null,null
2015-07-15,null,null,null,null,null,null
2015-07-16,null,null,null,null,null,null
2015-07-17,24.010000,24.010000,23.955000,23.973000,23.973000,329
2015-07-20,null,null,null,null,null,null
2015-07-21,null,null,null,null,null,null
2015-07-22,null,null,null,null,null,null
2015-07-23,null,null,null,null,null,null
2015-07-24,null,null,null,null,null,null
2015-07-27,null,null,null,null,null,null
2015-07-28,23.020000,23.150000,23.020000,23.150000,23.150000,515
2015-07-29,23.260000,23.443001,23.250000,23.443001,23.443001,62
2015-07-30,null,null,null,null,null,null
2015-07-31,null,null,null,null,null,null
2015-08-03,null,null,null,null,null,null
2015-08-04,null,null,null,null,null,null
2015-08-05,null,null,null,null,null,null
2015-08-06,null,null,null,null,null,null
2015-08-07,null,null,null,null,null,null
2015-08-10,null,null,null,null,null,null
2015-08-11,null,null,null,null,null,null
2015-08-12,22.770000,22.770000,22.770000,22.770000,22.770000,0
2015-08-13,23.118000,23.118000,23.118000,23.118000,23.118000,0
2015-08-14,23.150000,23.150000,22.965000,23.138000,23.138000,1033
2015-08-17,23.280001,23.415001,23.280001,23.355000,23.355000,438
2015-08-18,23.370001,23.450001,23.340000,23.433001,23.433001,2600
2015-08-19,23.299999,23.299999,23.020000,23.020000,23.020000,12
2015-08-20,22.940001,22.940001,22.655001,22.730000,22.730000,59
2015-08-21,22.320000,22.330000,21.913000,21.913000,21.913000,10304
2015-08-24,21.590000,21.590000,20.465000,20.545000,20.545000,11075
2015-08-25,20.745001,21.090000,20.745001,21.070000,21.070000,2621
2015-08-26,20.355000,20.620001,20.355000,20.565001,20.565001,1375
2015-08-27,21.475000,21.690001,21.400000,21.690001,21.690001,1310
2015-08-28,21.690001,21.985001,21.690001,21.985001,21.985001,100
2015-08-31,21.790001,21.820000,21.768000,21.768000,21.768000,1959
2015-09-01,21.120001,21.275000,21.110001,21.275000,21.275000,400
2015-09-02,21.295000,21.295000,21.247999,21.247999,21.247999,200
2015-09-03,21.500000,21.924999,21.500000,21.924999,21.924999,12
2015-09-04,21.389999,21.440001,21.315001,21.415001,21.415001,192
2015-09-07,21.610001,21.610001,21.462999,21.462999,21.462999,855
2015-09-08,21.545000,21.575001,21.545000,21.565001,21.565001,710
2015-09-09,21.815001,21.815001,21.815001,21.815001,21.815001,0
2015-09-10,21.343000,21.343000,21.343000,21.343000,21.343000,0
2015-09-11,21.195000,21.195000,21.195000,21.195000,21.195000,0
2015-09-14,21.405001,21.405001,21.263000,21.263000,21.263000,26
2015-09-15,21.230000,21.535000,21.230000,21.535000,21.535000,324
2015-09-16,21.738001,21.738001,21.738001,21.738001,21.738001,0
2015-09-17,21.820000,21.820000,21.818001,21.818001,21.818001,82
2015-09-18,21.254999,21.545000,21.254999,21.520000,21.520000,108
2015-09-21,21.485001,21.853001,21.475000,21.853001,21.853001,1217
2015-09-22,null,null,null,null,null,null
2015-09-23,21.750000,21.750000,21.615000,21.615000,21.615000,11
2015-09-24,null,null,null,null,null,null
2015-09-25,21.709999,21.733000,21.709999,21.733000,21.733000,150
2015-09-28,21.590000,21.590000,21.309999,21.309999,21.309999,17
2015-09-29,21.218000,21.218000,21.218000,21.218000,21.218000,0
2015-09-30,21.584999,21.715000,21.584999,21.709999,21.709999,180
2015-10-01,21.985001,21.985001,21.575001,21.575001,21.575001,205
2015-10-02,21.799999,21.855000,21.275000,21.542999,21.542999,1216
2015-10-05,21.985001,22.000000,21.985001,22.000000,22.000000,816
2015-10-06,22.320000,22.379999,22.318001,22.318001,22.318001,897
2015-10-07,22.420000,22.420000,22.348000,22.348000,22.348000,400
2015-10-08,22.410000,22.525000,22.410000,22.525000,22.525000,1005
2015-10-09,22.590000,22.799999,22.525000,22.525000,22.525000,694
2015-10-12,22.545000,22.545000,22.459999,22.469999,22.469999,995
2015-10-13,22.434999,22.434999,22.434999,22.434999,22.434999,0
2015-10-14,22.163000,22.163000,22.163000,22.163000,22.163000,0
2015-10-15,22.330000,22.360001,22.320000,22.320000,22.320000,182
2015-10-16,22.650000,22.702999,22.650000,22.702999,22.702999,942
2015-10-19,22.735001,22.790001,22.719999,22.735001,22.735001,200
2015-10-20,22.750000,22.750000,22.639999,22.653000,22.653000,464
2015-10-21,22.680000,22.730000,22.570000,22.712999,22.712999,1231
2015-10-22,22.665001,23.327999,22.665001,23.327999,23.327999,400
2015-10-23,23.600000,23.959999,23.580000,23.903000,23.903000,5462
2015-10-26,23.790001,24.014999,23.790001,23.823000,23.823000,600
2015-10-27,23.785000,23.840000,23.747999,23.747999,23.747999,1510
2015-10-28,23.820000,23.872999,23.805000,23.872999,23.872999,2880
2015-10-29,24.093000,24.093000,24.093000,24.093000,24.093000,0
2015-10-30,23.900000,24.003000,23.900000,24.003000,24.003000,1370
2015-11-02,23.978001,23.978001,23.978001,23.978001,23.978001,0
2015-11-03,24.145000,24.288000,24.145000,24.288000,24.288000,183
2015-11-04,24.415001,24.483000,24.415001,24.483000,24.483000,7
2015-11-05,24.549999,24.549999,24.372999,24.372999,24.372999,901
2015-11-06,24.389999,24.645000,24.370001,24.378000,24.378000,15941
2015-11-09,24.379999,24.500000,24.193001,24.193001,24.193001,503
2015-11-10,24.330000,24.393000,24.260000,24.393000,24.393000,2335
2015-11-11,24.360001,24.379999,24.360001,24.372999,24.372999,738
2015-11-12,23.860001,23.860001,23.783001,23.783001,23.783001,25
2015-11-13,23.709999,23.709999,23.540001,23.613001,23.613001,25
2015-11-16,23.735001,23.750000,23.715000,23.735001,23.735001,235
2015-11-17,24.195000,24.257999,24.195000,24.257999,24.257999,25
2015-11-18,24.223000,24.223000,24.223000,24.223000,24.223000,0
2015-11-19,24.375000,24.379999,24.202999,24.202999,24.202999,1142
2015-11-20,24.410000,24.538000,24.410000,24.538000,24.538000,7
2015-11-23,24.434999,24.587999,24.434999,24.587999,24.587999,494
2015-11-24,24.309999,24.462999,24.299999,24.462999,24.462999,345
2015-11-25,24.450001,24.670000,24.450001,24.618000,24.618000,700
2015-11-26,24.629999,24.667999,24.629999,24.667999,24.667999,335
2015-11-27,24.570000,24.663000,24.570000,24.663000,24.663000,3390
2015-11-30,24.549999,24.730000,24.549999,24.709999,24.709999,2178
2015-12-01,24.600000,24.680000,24.600000,24.622999,24.622999,225
2015-12-02,24.775000,24.830000,24.775000,24.788000,24.788000,746
2015-12-03,24.695000,24.695000,23.743000,23.743000,23.743000,100
2015-12-04,23.775000,23.848000,23.709999,23.848000,23.848000,1452
2015-12-07,24.059999,24.139999,23.900000,23.913000,23.913000,1906
2015-12-08,23.768000,23.768000,23.768000,23.768000,23.768000,0
2015-12-09,23.638000,23.638000,23.638000,23.638000,23.638000,0
2015-12-10,23.490000,23.593000,23.490000,23.593000,23.593000,1236
2015-12-11,23.132999,23.132999,23.132999,23.132999,23.132999,0
2015-12-14,23.295000,23.295000,22.833000,22.833000,22.833000,422
2015-12-15,23.040001,23.670000,23.040001,23.643000,23.643000,2882
2015-12-16,23.700001,23.799999,23.645000,23.645000,23.645000,8850
2015-12-17,24.020000,24.170000,23.988001,23.988001,23.988001,1444
2015-12-18,23.719999,23.754999,23.580000,23.580000,23.580000,1370
2015-12-21,23.440001,23.575001,23.218000,23.218000,23.218000,2548
2015-12-22,23.510000,23.510000,23.398001,23.398001,23.398001,586
2015-12-23,23.690001,23.983000,23.690001,23.983000,23.983000,462
2015-12-25,null,null,null,null,null,null
2015-12-28,23.775000,23.780001,23.629999,23.629999,23.629999,940
2015-12-29,24.000000,24.108000,23.959999,24.108000,24.108000,371
2015-12-30,24.020000,24.020000,24.020000,24.020000,24.020000,0
2016-01-04,23.379999,23.497999,23.275000,23.497999,23.497999,2475
2016-01-05,23.764999,23.945000,23.674999,23.927999,23.927999,4560
2016-01-06,23.879999,23.879999,23.733000,23.733000,23.733000,2986
2016-01-07,23.360001,23.360001,23.004999,23.233000,23.233000,1200
2016-01-08,22.995001,23.020000,22.750000,22.750000,22.750000,97
2016-01-11,22.645000,22.799999,22.645000,22.709999,22.709999,1295
2016-01-12,22.830000,22.830000,22.775000,22.775000,22.775000,80
2016-01-13,23.070000,23.070000,23.020000,23.020000,23.020000,6504
2016-01-14,22.620001,22.780001,22.620001,22.780001,22.780001,132
2016-01-15,22.799999,22.799999,22.174999,22.280001,22.280001,548
2016-01-18,22.485001,22.620001,22.400000,22.433001,22.433001,634
2016-01-19,22.587999,22.587999,22.587999,22.587999,22.587999,0
2016-01-20,22.055000,22.065001,21.980000,21.980000,21.980000,662
2016-01-21,22.309999,22.459999,22.309999,22.379999,22.379999,2320
2016-01-22,22.719999,22.719999,22.674999,22.674999,22.674999,87
2016-01-25,22.635000,22.690001,22.635000,22.690001,22.690001,10
2016-01-26,22.209999,22.719999,22.209999,22.719999,22.719999,593
2016-01-27,22.625000,22.844999,22.625000,22.844999,22.844999,1794
2016-01-28,22.799999,22.799999,22.514999,22.514999,22.514999,300
2016-01-29,22.860001,23.205000,22.860001,23.205000,23.205000,617
2016-02-01,23.270000,23.270000,23.250000,23.250000,23.250000,184
2016-02-02,23.180000,23.180000,22.978001,22.978001,22.978001,770
2016-02-03,22.518000,22.518000,22.518000,22.518000,22.518000,0
2016-02-04,22.705000,22.705000,22.469999,22.469999,22.469999,3
2016-02-05,22.455000,22.600000,22.395000,22.395000,22.395000,4237
2016-02-08,22.424999,22.424999,22.080000,22.093000,22.093000,726
2016-02-09,22.450001,22.450001,22.010000,22.010000,22.010000,512
2016-02-10,22.344999,22.344999,22.215000,22.215000,22.215000,200
2016-02-11,21.530001,21.660000,21.459999,21.503000,21.503000,1387
2016-02-12,21.895000,22.180000,21.895000,22.180000,22.180000,1458
2016-02-15,22.570000,22.650000,22.570000,22.650000,22.650000,310
2016-02-16,22.538000,22.538000,22.538000,22.538000,22.538000,0
2016-02-17,22.684999,22.940001,22.510000,22.940001,22.940001,200
2016-02-18,22.940001,23.150000,22.940001,23.075001,23.075001,2617
2016-02-19,23.075001,23.075001,22.980000,22.980000,22.980000,155
2016-02-22,23.285000,23.485001,23.285000,23.408001,23.408001,3023
2016-02-23,23.365000,23.365000,23.243000,23.243000,23.243000,515
2016-02-24,23.219999,23.219999,22.975000,22.975000,22.975000,750
2016-02-25,23.340000,23.400000,23.315001,23.315001,23.315001,2193
2016-02-26,23.844999,23.844999,23.618000,23.618000,23.618000,22
2016-02-29,23.809999,23.809999,23.809999,23.809999,23.809999,0
2016-03-01,null,null,null,null,null,null
2016-03-02,23.985001,24.028000,23.980000,24.028000,24.028000,433
2016-03-03,24.004999,24.004999,23.773001,23.773001,23.773001,80
2016-03-04,23.990000,23.990000,23.860001,23.898001,23.898001,791
2016-03-07,24.010000,24.035000,23.879999,24.004999,24.004999,1700
2016-03-08,23.945000,23.945000,23.848000,23.848000,23.848000,300
2016-03-09,24.145000,24.145000,24.058001,24.058001,24.058001,125
2016-03-10,24.139999,24.260000,23.528000,23.528000,23.528000,330
2016-03-11,24.065001,24.170000,23.920000,23.938000,23.938000,3940
2016-03-14,24.073000,24.073000,24.073000,24.073000,24.073000,0
2016-03-15,23.950001,23.990000,23.950001,23.962999,23.962999,253
2016-03-16,24.100000,24.139999,24.033001,24.033001,24.033001,1000
2016-03-17,23.600000,23.913000,23.600000,23.913000,23.913000,737
2016-03-18,24.070000,24.090000,24.014999,24.014999,24.014999,2135
2016-03-21,24.110001,24.110001,23.950001,24.065001,24.065001,1532
2016-03-22,24.135000,24.195000,24.065001,24.195000,24.195000,8
2016-03-23,24.270000,24.270000,24.145000,24.219999,24.219999,9653
2016-03-24,24.100000,24.100000,24.048000,24.048000,24.048000,1056
2016-03-29,24.040001,24.230000,24.020000,24.077999,24.077999,472
2016-03-30,24.165001,24.165001,24.105000,24.105000,24.105000,208
2016-03-31,24.020000,24.020000,23.980000,23.980000,23.980000,540
2016-04-01,null,null,null,null,null,null
2016-04-04,24.170000,24.170000,24.004999,24.033001,24.033001,173
2016-04-05,24.020000,24.020000,23.863001,23.863001,23.863001,21574
2016-04-06,23.959999,23.959999,23.913000,23.913000,23.913000,379
2016-04-07,23.975000,23.975000,23.885000,23.885000,23.885000,415
2016-04-08,24.080000,24.080000,23.917999,23.917999,23.917999,1124
2016-04-11,24.040001,24.040001,23.889999,23.889999,23.889999,588
2016-04-12,23.975000,24.025000,23.959999,24.025000,24.025000,15339
2016-04-13,24.340000,24.340000,24.340000,24.340000,24.340000,0
2016-04-14,24.330000,24.420000,24.330000,24.405001,24.405001,1896
2016-04-15,24.389999,24.389999,24.260000,24.323000,24.323000,1200
2016-04-18,null,null,null,null,null,null
2016-04-19,24.410000,24.410000,24.388000,24.388000,24.388000,264
2016-04-20,24.469999,24.485001,24.350000,24.485001,24.485001,1717
2016-04-21,24.500000,24.500000,24.230000,24.355000,24.355000,20276
2016-04-22,24.360001,24.395000,24.360001,24.395000,24.395000,750
2016-04-25,24.280001,24.280001,24.280001,24.280001,24.280001,0
2016-04-26,24.355000,24.355000,24.295000,24.295000,24.295000,8206
2016-04-27,24.370001,24.370001,24.370001,24.370001,24.370001,0
2016-04-28,24.240000,24.420000,24.240000,24.420000,24.420000,12250
2016-04-29,24.049999,24.049999,23.740000,23.740000,23.740000,300
2016-05-02,23.844999,23.844999,23.750000,23.799999,23.799999,470
2016-05-03,23.610001,23.677999,23.610001,23.677999,23.677999,415
2016-05-04,23.760000,23.760000,23.600000,23.702999,23.702999,11681
2016-05-05,23.879999,23.934999,23.879999,23.934999,23.934999,97
2016-05-06,23.855000,23.855000,23.760000,23.798000,23.798000,3571
2016-05-09,24.080000,24.080000,23.955000,23.955000,23.955000,7704
2016-05-10,23.995001,24.205000,23.995001,24.198000,24.198000,17648
2016-05-11,24.240000,24.240000,24.110001,24.110001,24.110001,530
2016-05-12,23.860001,23.860001,23.815001,23.815001,23.815001,59
2016-05-13,23.889999,24.084999,23.889999,24.084999,24.084999,240
2016-05-17,24.105000,24.105000,23.863001,23.863001,23.863001,26496
2016-05-18,23.850000,23.850000,23.850000,23.850000,23.850000,0
2016-05-19,23.754999,23.879999,23.740000,23.740000,23.740000,531
2016-05-20,24.004999,24.059999,23.965000,24.059999,24.059999,224
2016-05-23,23.870001,24.025000,23.870001,23.993000,23.993000,1105
2016-05-24,24.080000,24.327999,24.080000,24.327999,24.327999,1760
2016-05-25,24.415001,24.525000,24.415001,24.493000,24.493000,195
2016-05-26,24.440001,24.450001,24.440001,24.450001,24.450001,350
2016-05-27,24.540001,24.622999,24.540001,24.622999,24.622999,43
2016-05-30,24.629999,24.680000,24.610001,24.670000,24.670000,128
2016-05-31,24.600000,24.629999,24.552999,24.552999,24.552999,1471
2016-06-01,24.535000,24.535000,24.430000,24.478001,24.478001,630
2016-06-02,24.469999,24.518000,24.469999,24.518000,24.518000,564
2016-06-03,null,null,null,null,null,null
2016-06-06,24.320000,24.334999,24.320000,24.333000,24.333000,924
2016-06-07,24.424999,24.488001,24.424999,24.488001,24.488001,1095
2016-06-08,24.389999,24.389999,24.382999,24.382999,24.382999,400
2016-06-09,24.530001,24.530001,24.497999,24.497999,24.497999,146
2016-06-10,24.559999,24.625000,24.500000,24.625000,24.625000,1386
2016-06-13,24.600000,24.629999,24.480000,24.480000,24.480000,570
2016-06-14,null,null,null,null,null,null
2016-06-15,24.580000,24.580000,24.455000,24.455000,24.455000,1000
2016-06-16,24.285000,24.603001,24.270000,24.603001,24.603001,1440
2016-06-17,24.378000,24.378000,24.378000,24.378000,24.378000,0
2016-06-20,24.594999,24.600000,24.565001,24.600000,24.600000,822
2016-06-21,24.650000,24.660000,24.650000,24.660000,24.660000,82
2016-06-22,24.725000,24.725000,24.615000,24.667999,24.667999,6181
2016-06-23,24.690001,24.690001,24.549999,24.600000,24.600000,884
2016-06-24,24.405001,25.040001,24.405001,24.745001,24.745001,3814
2016-06-27,24.540001,24.674999,24.469999,24.469999,24.469999,2962
2016-06-28,24.535000,24.559999,24.469999,24.540001,24.540001,5174
2016-06-29,24.745001,24.878000,24.745001,24.878000,24.878000,6025
2016-06-30,24.990000,25.188000,24.990000,25.188000,25.188000,529
2016-07-01,25.350000,25.350000,25.298000,25.298000,25.298000,430
2016-07-04,25.350000,25.375000,25.318001,25.318001,25.318001,423
2016-07-05,25.330000,25.388000,25.180000,25.388000,25.388000,1300
2016-07-06,25.370001,25.420000,25.327999,25.327999,25.327999,808
2016-07-07,25.490000,25.490000,25.469999,25.469999,25.469999,1308
2016-07-08,25.495001,25.750000,25.459999,25.695000,25.695000,2584
2016-07-11,25.885000,25.908001,25.885000,25.908001,25.908001,5
2016-07-12,25.834999,25.934999,25.799999,25.934999,25.934999,5741
2016-07-13,26.000000,26.000000,25.850000,25.850000,25.850000,4835
2016-07-14,26.065001,26.110001,25.975000,26.000000,26.000000,733
2016-07-15,26.055000,26.055000,26.052999,26.052999,26.052999,6
2016-07-18,26.200001,26.200001,26.045000,26.045000,26.045000,1873
2016-07-19,26.025000,26.160000,26.025000,26.160000,26.160000,1433
2016-07-20,26.350000,26.350000,26.250000,26.334999,26.334999,1409
2016-07-21,26.209999,26.270000,26.209999,26.270000,26.270000,143
2016-07-22,26.219999,26.424999,26.145000,26.424999,26.424999,3101
2016-07-25,26.410000,26.510000,26.340000,26.340000,26.340000,7124
2016-07-26,26.340000,26.440001,26.334999,26.334999,26.334999,664
2016-07-27,26.424999,26.424999,26.230000,26.230000,26.230000,918
2016-07-28,26.035000,26.035000,25.888000,25.888000,25.888000,3572
2016-07-29,25.959999,25.959999,25.850000,25.850000,25.850000,290
2016-08-01,25.895000,25.895000,25.850000,25.850000,25.850000,3123
2016-08-02,25.850000,25.850000,25.528000,25.528000,25.528000,340
2016-08-03,25.520000,25.645000,25.520000,25.600000,25.600000,1325
2016-08-04,25.805000,25.809999,25.780001,25.809999,25.809999,101
2016-08-05,25.844999,26.090000,25.799999,26.083000,26.083000,3831
2016-08-08,26.100000,26.135000,26.083000,26.083000,26.083000,2800
2016-08-09,26.065001,26.105000,26.014999,26.045000,26.045000,2339
2016-08-10,25.959999,25.959999,25.827999,25.827999,25.827999,5223
2016-08-11,25.930000,25.975000,25.840000,25.968000,25.968000,1358
2016-08-12,25.958000,25.958000,25.958000,25.958000,25.958000,0
2016-08-15,25.950001,26.000000,25.950001,25.958000,25.958000,590
2016-08-16,25.705000,25.745001,25.603001,25.603001,25.603001,4324
2016-08-17,25.514999,25.570000,25.462999,25.462999,25.462999,1157
2016-08-18,25.559999,25.650000,25.518000,25.518000,25.518000,34485
2016-08-19,25.570000,25.570000,25.473000,25.473000,25.473000,8525
2016-08-22,25.590000,25.600000,25.443001,25.443001,25.443001,404
2016-08-23,25.490000,25.600000,25.480000,25.568001,25.568001,1344
2016-08-24,25.565001,25.638000,25.565001,25.638000,25.638000,10
2016-08-25,25.540001,25.608000,25.520000,25.608000,25.608000,680
2016-08-26,25.605000,25.745001,25.605000,25.745001,25.745001,100
2016-08-29,25.709999,25.900000,25.700001,25.863001,25.863001,1262
2016-08-30,25.889999,25.889999,25.837999,25.837999,25.837999,38
2016-08-31,25.805000,25.809999,25.735001,25.735001,25.735001,80
2016-09-01,25.608000,25.608000,25.608000,25.608000,25.608000,0
2016-09-02,25.645000,25.913000,25.645000,25.913000,25.913000,68
2016-09-05,25.940001,25.950001,25.855000,25.915001,25.915001,1605
2016-09-06,25.969999,25.969999,25.770000,25.770000,25.770000,408
2016-09-07,25.770000,25.799999,25.728001,25.728001,25.728001,1083
2016-09-08,25.700001,25.700001,25.674999,25.674999,25.674999,150
2016-09-09,25.594999,25.594999,25.452999,25.452999,25.452999,200
2016-09-12,25.000000,25.202999,25.000000,25.202999,25.202999,168
2016-09-13,25.340000,25.395000,25.098000,25.098000,25.098000,826
2016-09-14,25.200001,25.200001,25.048000,25.048000,25.048000,1036
2016-09-15,25.120001,25.273001,25.120001,25.273001,25.273001,140
2016-09-16,25.230000,25.450001,25.230000,25.372999,25.372999,382
2016-09-19,25.555000,25.555000,25.520000,25.520000,25.520000,8
2016-09-20,25.440001,25.465000,25.440001,25.465000,25.465000,11
2016-09-21,25.549999,25.549999,25.495001,25.507999,25.507999,1390
2016-09-22,25.540001,25.690001,25.540001,25.632999,25.632999,274
2016-09-23,25.680000,25.680000,25.610001,25.610001,25.610001,1
2016-09-26,25.400000,25.400000,25.285000,25.285000,25.285000,645
2016-09-27,25.440001,25.518000,25.440001,25.518000,25.518000,18
2016-09-28,25.620001,25.620001,25.520000,25.523001,25.523001,11290
2016-09-29,25.635000,25.684999,25.500000,25.500000,25.500000,39860
2016-09-30,25.570000,25.622999,25.570000,25.622999,25.622999,600
2016-10-04,25.700001,25.719999,25.628000,25.628000,25.628000,5991
2016-10-05,25.389999,25.483000,25.379999,25.483000,25.483000,1505
2016-10-06,25.459999,25.483000,25.459999,25.483000,25.483000,125
2016-10-07,25.533001,25.533001,25.533001,25.533001,25.533001,0
2016-10-10,25.684999,25.688000,25.684999,25.688000,25.688000,200
2016-10-11,25.730000,25.799999,25.608000,25.608000,25.608000,984
2016-10-12,25.680000,25.725000,25.600000,25.695000,25.695000,1631
2016-10-13,25.590000,25.590000,25.480000,25.518000,25.518000,624
2016-10-14,25.709999,25.785000,25.680000,25.778000,25.778000,3343
2016-10-17,null,null,null,null,null,null
2016-10-18,null,null,null,null,null,null
2016-10-19,25.730000,25.815001,25.635000,25.757999,25.757999,1914
2016-10-20,25.780001,25.780001,25.725000,25.738001,25.738001,802
2016-10-21,25.885000,25.900000,25.882999,25.882999,25.882999,1081
2016-10-24,25.915001,25.950001,25.870001,25.930000,25.930000,2012
2016-10-25,25.959999,25.975000,25.915001,25.975000,25.975000,903
2016-10-26,25.885000,25.980000,25.820000,25.980000,25.980000,1132
2016-10-27,25.959999,26.000000,25.893000,25.893000,25.893000,2182
2016-10-28,25.770000,25.882999,25.770000,25.882999,25.882999,1155
2016-10-31,25.770000,25.830000,25.770000,25.825001,25.825001,790
2016-11-01,25.860001,25.860001,25.427999,25.427999,25.427999,491
2016-11-02,25.235001,25.260000,25.193001,25.193001,25.193001,258
2016-11-03,25.160000,25.160000,25.145000,25.158001,25.158001,373
2016-11-04,25.135000,25.135000,25.055000,25.055000,25.055000,4606
2016-11-07,25.469999,25.552999,25.410000,25.552999,25.552999,18508
2016-11-08,25.650000,25.770000,25.645000,25.770000,25.770000,218
2016-11-09,25.080000,26.148001,25.080000,26.148001,26.148001,2335
2016-11-10,26.270000,26.270000,25.917999,25.917999,25.917999,5300
2016-11-11,25.910000,25.920000,25.815001,25.917999,25.917999,4364
2016-11-14,26.200001,26.250000,26.135000,26.160000,26.160000,1301
2016-11-15,26.170000,26.305000,26.125000,26.263000,26.263000,1541
2016-11-16,26.405001,26.469999,26.385000,26.469999,26.469999,41
2016-11-17,26.375000,26.475000,26.375000,26.475000,26.475000,69
2016-11-18,26.590000,26.645000,26.590000,26.645000,26.645000,333
2016-11-21,26.650000,26.740000,26.650000,26.740000,26.740000,10
2016-11-22,26.900000,26.924999,26.740000,26.805000,26.805000,4890
2016-11-23,26.924999,26.955000,26.799999,26.913000,26.913000,733
2016-11-24,null,null,null,null,null,null
2016-11-25,26.889999,26.965000,26.879999,26.965000,26.965000,7685
2016-11-28,26.855000,27.010000,26.855000,27.010000,27.010000,561
2016-11-29,27.010000,27.010000,26.973000,26.973000,26.973000,63
2016-11-30,26.920000,27.004999,26.840000,27.004999,27.004999,13304
2016-12-01,26.750000,26.785000,26.620001,26.620001,26.620001,2299
2016-12-02,26.424999,26.620001,26.424999,26.575001,26.575001,2838
2016-12-05,26.805000,26.805000,26.520000,26.520000,26.520000,2115
2016-12-06,26.430000,26.549999,26.424999,26.480000,26.480000,408
2016-12-07,26.605000,26.610001,26.525000,26.558001,26.558001,8873
2016-12-08,26.740000,27.153000,26.719999,27.153000,27.153000,3679
2016-12-09,27.200001,27.500000,27.180000,27.455000,27.455000,1824
2016-12-12,27.555000,27.577999,27.315001,27.577999,27.577999,837
2016-12-13,27.610001,27.629999,27.535000,27.622999,27.622999,3365
2016-12-14,27.760000,27.760000,27.590000,27.590000,27.590000,4925
2016-12-15,27.775000,28.205000,27.775000,28.205000,28.205000,2619
2016-12-16,28.129999,28.160000,28.030001,28.090000,28.090000,24738
2016-12-19,28.115000,28.195000,28.100000,28.100000,28.100000,1100
2016-12-20,28.340000,28.430000,28.290001,28.290001,28.290001,1519
2016-12-21,28.305000,28.305000,28.129999,28.215000,28.215000,14246
2016-12-22,28.094999,28.094999,27.985001,28.038000,28.038000,6096
2016-12-23,28.125000,28.125000,28.065001,28.065001,28.065001,810
2016-12-27,28.334999,28.334999,28.075001,28.103001,28.103001,2724
2016-12-28,28.080000,28.275000,28.080000,28.218000,28.218000,5138
2016-12-29,27.915001,27.955000,27.885000,27.885000,27.885000,161
2016-12-30,27.915001,27.915001,27.719999,27.808001,27.808001,1631
2017-01-02,27.059999,28.055000,27.059999,27.975000,27.975000,7431
2017-01-03,28.200001,28.275000,28.055000,28.055000,28.055000,5315
2017-01-04,28.170000,28.170000,28.025000,28.025000,28.025000,3154
2017-01-05,27.775000,27.924999,27.600000,27.632999,27.632999,1960
2017-01-06,27.709999,27.760000,27.650000,27.754999,27.754999,628
2017-01-09,27.895000,27.895000,27.665001,27.665001,27.665001,14735
2017-01-10,27.600000,27.660000,27.504999,27.615000,27.615000,12706
2017-01-11,27.570000,27.725000,27.570000,27.650000,27.650000,2113
2017-01-12,27.334999,27.400000,27.184999,27.195000,27.195000,10647
2017-01-13,27.360001,27.495001,27.360001,27.450001,27.450001,12284
2017-01-16,27.465000,27.535000,27.450001,27.450001,27.450001,1131
2017-01-17,27.299999,27.299999,27.110001,27.250000,27.250000,3752
2017-01-18,27.375000,27.375000,27.325001,27.355000,27.355000,553
2017-01-19,27.389999,27.405001,27.365000,27.405001,27.405001,7866
2017-01-20,27.320000,27.510000,27.320000,27.440001,27.440001,452
2017-01-23,27.205000,27.205000,27.125000,27.125000,27.125000,305
2017-01-24,27.125000,27.219999,27.125000,27.170000,27.170000,2718
2017-01-25,27.434999,27.514999,27.320000,27.405001,27.405001,23849
2017-01-26,27.455000,27.590000,27.455000,27.580000,27.580000,5665
2017-01-27,27.580000,27.620001,27.500000,27.514999,27.514999,5744
2017-01-30,27.434999,27.660000,27.379999,27.379999,27.379999,10474
2017-01-31,27.299999,27.415001,27.080000,27.080000,27.080000,1062
2017-02-01,27.225000,27.320000,27.129999,27.129999,27.129999,4315
2017-02-02,26.995001,27.174999,26.895000,27.135000,27.135000,4928
2017-02-03,27.295000,27.379999,27.295000,27.309999,27.309999,4163
2017-02-06,27.445000,27.490000,27.424999,27.434999,27.434999,26537
2017-02-07,27.520000,27.655001,27.520000,27.593000,27.593000,2658
2017-02-08,27.754999,27.754999,27.555000,27.629999,27.629999,6992
2017-02-09,27.735001,27.843000,27.620001,27.843000,27.843000,2811
2017-02-10,27.910000,27.945000,27.834999,27.885000,27.885000,2680
2017-02-13,27.930000,28.128000,27.930000,28.128000,28.128000,1106
2017-02-14,28.059999,28.139999,28.059999,28.122999,28.122999,468
2017-02-15,28.170000,28.385000,28.170000,28.309999,28.309999,3188
2017-02-16,28.400000,28.400000,28.230000,28.254999,28.254999,9341
2017-02-17,28.370001,28.370001,28.240000,28.360001,28.360001,4624
2017-02-20,28.530001,28.530001,28.495001,28.510000,28.510000,927
2017-02-21,28.575001,28.830000,28.575001,28.783001,28.783001,740
2017-02-22,28.950001,28.990000,28.795000,28.815001,28.815001,7724
2017-02-23,28.770000,28.855000,28.770000,28.855000,28.855000,443
2017-02-24,28.834999,28.888000,28.719999,28.888000,28.888000,348
2017-02-27,28.995001,28.995001,28.837999,28.837999,28.837999,2460
2017-02-28,28.910000,28.980000,28.825001,28.872999,28.872999,2960
2017-03-01,29.180000,29.254999,29.155001,29.223000,29.223000,2853
2017-03-02,29.305000,29.350000,29.305000,29.308001,29.308001,1998
2017-03-03,29.270000,29.270000,29.090000,29.108000,29.108000,2861
2017-03-06,28.975000,29.055000,28.889999,28.983000,28.983000,4739
2017-03-07,28.985001,29.094999,28.985001,28.988001,28.988001,4117
2017-03-08,28.995001,29.075001,28.995001,29.045000,29.045000,1360
2017-03-09,29.004999,29.040001,28.915001,28.973000,28.973000,2980
2017-03-10,28.990000,29.030001,28.818001,28.818001,28.818001,2575
2017-03-13,28.820000,28.865000,28.745001,28.788000,28.788000,1779
2017-03-14,28.895000,28.895000,28.808001,28.808001,28.808001,723
2017-03-15,28.895000,28.975000,28.895000,28.962999,28.962999,987
2017-03-16,28.959999,28.959999,28.730000,28.773001,28.773001,4706
2017-03-17,28.740000,28.785000,28.655001,28.770000,28.770000,994
2017-03-20,28.660000,28.725000,28.620001,28.708000,28.708000,3078
2017-03-21,28.565001,28.620001,28.389999,28.417999,28.417999,4821
2017-03-22,28.415001,28.415001,28.355000,28.355000,28.355000,2020
2017-03-23,28.415001,28.552999,28.415001,28.552999,28.552999,1131
2017-03-24,null,null,null,null,null,null
2017-03-27,28.004999,28.055000,27.930000,28.055000,28.055000,1406
2017-03-28,28.115000,28.180000,28.115000,28.180000,28.180000,4025
2017-03-29,28.379999,28.525000,28.379999,28.514999,28.514999,616
2017-03-30,28.525000,28.658001,28.525000,28.658001,28.658001,270
2017-03-31,28.625000,28.728001,28.615000,28.728001,28.728001,493
2017-04-03,28.795000,28.799999,28.658001,28.658001,28.658001,19079
2017-04-04,28.674999,28.702999,28.674999,28.702999,28.702999,621
2017-04-05,28.725000,28.924999,28.690001,28.878000,28.878000,4076
2017-04-06,28.674999,28.753000,28.674999,28.753000,28.753000,5466
2017-04-07,28.740000,28.840000,28.709999,28.840000,28.840000,1718
2017-04-10,28.955000,28.969999,28.820000,28.820000,28.820000,2003
2017-04-11,28.860001,28.860001,28.638000,28.638000,28.638000,416
2017-04-12,28.725000,28.850000,28.719999,28.719999,28.719999,697
2017-04-13,28.655001,28.728001,28.605000,28.728001,28.728001,132
2017-04-18,28.655001,28.655001,28.448000,28.448000,28.448000,1435
2017-04-19,28.420000,28.443001,28.385000,28.443001,28.443001,10762
2017-04-20,28.330000,28.330000,28.205000,28.205000,28.205000,18
2017-04-21,28.440001,28.485001,28.440001,28.462999,28.462999,11870
2017-04-24,28.219999,28.290001,28.200001,28.212999,28.212999,1746
2017-04-25,28.184999,28.260000,28.160000,28.160000,28.160000,9300
2017-04-26,28.160000,28.382999,28.160000,28.382999,28.382999,16075
2017-04-27,28.209999,28.330000,28.190001,28.275000,28.275000,757
2017-04-28,28.165001,28.165001,28.103001,28.103001,28.103001,2669
2017-05-02,27.990000,28.125000,27.990000,28.049999,28.049999,3001
2017-05-03,28.049999,28.065001,27.980000,28.025000,28.025000,1848
2017-05-04,28.010000,28.075001,27.799999,27.988001,27.988001,1876
2017-05-05,27.895000,27.959999,27.840000,27.885000,27.885000,4193
2017-05-08,27.924999,28.110001,27.924999,28.087999,28.087999,1386
2017-05-09,28.150000,28.290001,28.080000,28.150000,28.150000,4111
2017-05-10,28.100000,28.173000,28.100000,28.173000,28.173000,15
2017-05-11,27.799999,27.969999,27.559999,27.708000,27.708000,884
2017-05-12,27.735001,27.735001,27.615000,27.618000,27.618000,548
2017-05-15,27.570000,27.605000,27.500000,27.605000,27.605000,1731
2017-05-16,27.440001,27.440001,27.375000,27.379999,27.379999,1387
2017-05-17,27.184999,27.250000,27.084999,27.084999,27.084999,683
2017-05-18,27.004999,27.014999,26.875000,27.007999,27.007999,28435
2017-05-19,26.910000,26.958000,26.900000,26.958000,26.958000,1599
2017-05-22,27.084999,27.084999,26.840000,26.985001,26.985001,3031
2017-05-23,27.030001,27.075001,27.030001,27.059999,27.059999,561
2017-05-24,null,null,null,null,null,null
2017-05-25,27.180000,27.330000,27.180000,27.290001,27.290001,494
2017-05-26,27.285000,27.480000,27.285000,27.427999,27.427999,1503
2017-05-29,27.424999,27.495001,27.405001,27.448000,27.448000,7674
2017-05-30,27.500000,27.525000,27.375000,27.440001,27.440001,10274
2017-05-31,27.490000,27.490000,27.370001,27.379999,27.379999,1474
2017-06-01,27.350000,27.475000,27.350000,27.475000,27.475000,1575
2017-06-02,27.605000,27.605000,27.500000,27.510000,27.510000,175
2017-06-05,null,null,null,null,null,null
2017-06-06,27.545000,27.600000,27.500000,27.500000,27.500000,3357
2017-06-07,27.475000,27.600000,27.475000,27.504999,27.504999,573
2017-06-08,27.504999,27.650000,27.495001,27.555000,27.555000,1321
2017-06-09,27.705000,27.725000,27.705000,27.715000,27.715000,1185
2017-06-12,27.625000,27.680000,27.625000,27.680000,27.680000,129
2017-06-13,27.680000,27.705000,27.680000,27.705000,27.705000,24
2017-06-14,27.705000,27.705000,27.608000,27.608000,27.608000,7549
2017-06-15,27.690001,27.870001,27.690001,27.870001,27.870001,1048
2017-06-16,27.924999,27.924999,27.719999,27.735001,27.735001,1072
2017-06-19,27.959999,28.028000,27.895000,28.028000,28.028000,26266
2017-06-20,28.145000,28.190001,28.070000,28.190001,28.190001,978
2017-06-21,27.995001,27.995001,27.990000,27.990000,27.990000,540
2017-06-22,27.875000,28.025000,27.875000,28.025000,28.025000,1174
2017-06-23,27.900000,27.900000,27.900000,27.900000,27.900000,0
2017-06-26,27.940001,28.000000,27.930000,27.945000,27.945000,5245
2017-06-27,27.770000,27.770000,27.645000,27.645000,27.645000,686
2017-06-28,27.370001,27.459999,27.275000,27.455000,27.455000,271
2017-06-29,27.309999,27.309999,27.049999,27.049999,27.049999,140
2017-06-30,26.955000,27.049999,26.955000,27.049999,27.049999,3865
2017-07-03,27.150000,27.309999,27.150000,27.290001,27.290001,10050
2017-07-04,27.275000,27.330000,27.270000,27.330000,27.330000,68
2017-07-05,27.270000,27.370001,27.270000,27.370001,27.370001,1374
2017-07-06,27.270000,27.270000,27.000000,27.004999,27.004999,366
2017-07-07,26.855000,27.059999,26.855000,27.059999,27.059999,1697
2017-07-10,27.105000,27.105000,27.049999,27.084999,27.084999,151
2017-07-11,27.000000,27.000000,26.825001,26.825001,26.825001,1171
2017-07-12,26.825001,27.145000,26.825001,27.084999,27.084999,3755
2017-07-13,27.065001,27.129999,27.065001,27.129999,27.129999,140
2017-07-14,27.065001,27.160000,27.065001,27.075001,27.075001,473
2017-07-17,27.150000,27.160000,27.100000,27.129999,27.129999,14326
2017-07-18,27.000000,27.000000,26.809999,26.840000,26.840000,49888
2017-07-19,27.014999,27.080000,26.950001,27.035000,27.035000,1659
2017-07-20,27.139999,27.184999,26.830000,26.830000,26.830000,1206
2017-07-21,26.930000,26.930000,26.725000,26.805000,26.805000,1706
2017-07-24,26.805000,26.850000,26.760000,26.760000,26.760000,588
2017-07-25,26.740000,26.825001,26.670000,26.825001,26.825001,1793
2017-07-26,26.895000,26.915001,26.885000,26.885000,26.885000,436
2017-07-27,26.735001,26.905001,26.735001,26.905001,26.905001,4321
2017-07-28,26.885000,26.885000,26.575001,26.605000,26.605000,802
2017-07-31,26.719999,26.770000,26.650000,26.650000,26.650000,151
2017-08-01,26.650000,26.650000,26.605000,26.605000,26.605000,692
2017-08-02,26.465000,26.520000,26.405001,26.410000,26.410000,300
2017-08-03,26.400000,26.469999,26.389999,26.389999,26.389999,1750
2017-08-04,26.389999,26.655001,26.370001,26.655001,26.655001,1013
2017-08-07,26.594999,26.605000,26.549999,26.605000,26.605000,2562
2017-08-08,26.530001,26.799999,26.530001,26.764999,26.764999,762
2017-08-09,26.725000,26.725000,26.660000,26.665001,26.665001,3986
2017-08-10,26.690001,26.740000,26.545000,26.594999,26.594999,2331
2017-08-11,26.475000,26.475000,26.420000,26.420000,26.420000,22
2017-08-14,26.389999,26.605000,26.389999,26.605000,26.605000,3677
2017-08-15,26.700001,26.830000,26.700001,26.785000,26.785000,297
2017-08-16,26.770000,26.910000,26.770000,26.905001,26.905001,3830
2017-08-17,26.780001,26.879999,26.635000,26.635000,26.635000,639
2017-08-18,26.635000,26.635000,26.635000,26.635000,26.635000,0
2017-08-21,26.299999,26.330000,26.209999,26.209999,26.209999,2089
2017-08-22,26.405001,26.480000,26.370001,26.480000,26.480000,3062
2017-08-23,26.480000,26.584999,26.350000,26.370001,26.370001,609
2017-08-24,26.389999,26.410000,26.315001,26.315001,26.315001,21527
2017-08-25,26.370001,26.445000,26.260000,26.260000,26.260000,733
2017-08-28,26.025000,26.155001,26.025000,26.040001,26.040001,3199
2017-08-29,25.785000,25.875000,25.785000,25.875000,25.875000,118
2017-08-30,26.094999,26.230000,26.094999,26.230000,26.230000,3164
2017-08-31,26.295000,26.459999,26.295000,26.445000,26.445000,2493
2017-09-01,26.440001,26.495001,26.440001,26.490000,26.490000,1547
2017-09-04,26.379999,26.379999,26.330000,26.355000,26.355000,877
2017-09-05,26.415001,26.480000,26.299999,26.299999,26.299999,2526
2017-09-06,26.200001,26.334999,26.200001,26.295000,26.295000,766
2017-09-07,26.250000,26.254999,26.110001,26.150000,26.150000,1922
2017-09-08,26.105000,26.150000,26.080000,26.129999,26.129999,2979
2017-09-11,26.325001,26.475000,26.299999,26.475000,26.475000,2300
2017-09-12,26.605000,26.605000,26.594999,26.594999,26.594999,132
2017-09-13,26.549999,26.780001,26.549999,26.780001,26.780001,571
2017-09-14,26.775000,26.875000,26.775000,26.875000,26.875000,253
2017-09-15,26.690001,26.764999,26.680000,26.764999,26.764999,1644
2017-09-18,26.934999,26.934999,26.820000,26.875000,26.875000,1071
2017-09-19,26.790001,26.834999,26.764999,26.834999,26.834999,1386
2017-09-20,26.805000,26.809999,26.750000,26.805000,26.805000,6984
2017-09-21,26.975000,26.975000,26.834999,26.834999,26.834999,643
2017-09-22,26.735001,26.745001,26.735001,26.735001,26.735001,1001
2017-09-25,26.815001,27.020000,26.815001,27.020000,27.020000,437
2017-09-26,27.055000,27.264999,27.055000,27.254999,27.254999,20507
2017-09-27,27.320000,27.365000,27.195000,27.195000,27.195000,1963
2017-09-28,27.230000,27.230000,27.145000,27.190001,27.190001,330
2017-09-29,27.200001,27.209999,27.115000,27.125000,27.125000,14523
2017-10-02,27.250000,27.415001,27.250000,27.415001,27.415001,932
2017-10-03,27.415001,27.415001,27.415001,27.415001,27.415001,0
2017-10-04,27.420000,27.495001,27.385000,27.495001,27.495001,3945
2017-10-05,27.520000,27.680000,27.504999,27.670000,27.670000,1036
2017-10-06,27.719999,27.719999,27.584999,27.605000,27.605000,60
2017-10-09,27.670000,27.670000,27.629999,27.639999,27.639999,1303
2017-10-10,27.545000,27.625000,27.540001,27.540001,27.540001,2462
2017-10-11,27.520000,27.545000,27.510000,27.545000,27.545000,717
2017-10-12,27.500000,27.559999,27.450001,27.559999,27.559999,4090
2017-10-13,27.559999,27.594999,27.540001,27.594999,27.594999,953
2017-10-16,27.660000,27.695000,27.610001,27.610001,27.610001,1762
2017-10-17,27.695000,27.719999,27.684999,27.719999,27.719999,979
2017-10-18,27.820000,27.875000,27.629999,27.775000,27.775000,1837
2017-10-19,27.555000,27.615000,27.549999,27.615000,27.615000,78
2017-10-20,27.815001,27.885000,27.805000,27.885000,27.885000,135
2017-10-23,27.945000,28.084999,27.945000,28.075001,28.075001,224
2017-10-24,27.980000,27.980000,27.820000,27.879999,27.879999,5820
2017-10-25,27.885000,27.885000,27.570000,27.570000,27.570000,224
2017-10-26,27.570000,27.940001,27.570000,27.934999,27.934999,108
2017-10-27,28.125000,28.280001,28.110001,28.280001,28.280001,4789
2017-10-30,28.129999,28.129999,27.930000,27.965000,27.965000,3147
2017-10-31,27.965000,27.965000,27.965000,27.965000,27.965000,0
2017-11-01,null,null,null,null,null,null
2017-11-02,28.004999,28.010000,27.950001,27.959999,27.959999,17420
2017-11-03,28.025000,28.165001,28.025000,28.165001,28.165001,11
2017-11-06,28.125000,28.165001,28.125000,28.150000,28.150000,1709
2017-11-07,28.129999,28.254999,28.129999,28.254999,28.254999,2590
2017-11-08,28.215000,28.235001,28.215000,28.235001,28.235001,1292
2017-11-09,28.235001,28.235001,28.100000,28.100000,28.100000,126
2017-11-10,28.090000,28.090000,27.995001,27.995001,27.995001,1180
2017-11-13,28.049999,28.110001,27.975000,28.105000,28.105000,15
2017-11-14,28.035000,28.035000,27.844999,27.844999,27.844999,2
2017-11-15,27.635000,27.750000,27.635000,27.725000,27.725000,17
2017-11-16,27.450001,27.600000,27.450001,27.600000,27.600000,739
2017-11-17,27.535000,27.600000,27.495001,27.495001,27.495001,3127
2017-11-20,27.475000,27.625000,27.450001,27.625000,27.625000,1778
2017-11-21,27.620001,27.809999,27.620001,27.790001,27.790001,6771
2017-11-22,27.740000,27.785000,27.580000,27.580000,27.580000,3245
2017-11-23,27.510000,27.510000,27.469999,27.469999,27.469999,103
2017-11-24,27.405001,27.490000,27.254999,27.290001,27.290001,1144
2017-11-27,27.275000,27.375000,27.275000,27.334999,27.334999,3759
2017-11-28,27.430000,27.590000,27.305000,27.590000,27.590000,4663
2017-11-29,27.785000,27.950001,27.785000,27.855000,27.855000,1049
2017-11-30,27.985001,27.985001,27.825001,27.825001,27.825001,1545
2017-12-01,27.850000,28.059999,27.639999,27.639999,27.639999,1243
2017-12-04,28.165001,28.280001,28.165001,28.270000,28.270000,259
2017-12-05,28.170000,28.215000,28.105000,28.215000,28.215000,10242
2017-12-06,28.059999,28.225000,28.059999,28.225000,28.225000,5721
2017-12-07,28.219999,28.230000,28.155001,28.160000,28.160000,905
2017-12-08,28.290001,28.365000,28.285000,28.312500,28.312500,720
2017-12-11,28.305000,28.355000,28.305000,28.350000,28.350000,409
2017-12-12,28.440001,28.650000,28.440001,28.650000,28.650000,5648
2017-12-13,28.549999,28.597500,28.510000,28.597500,28.597500,887
2017-12-14,28.440001,28.600000,28.440001,28.520000,28.520000,2097
2017-12-15,28.430000,28.677500,28.389999,28.677500,28.677500,3273
2017-12-18,28.760000,28.760000,28.684999,28.684999,28.684999,3570
2017-12-19,28.665001,28.665001,28.645000,28.645000,28.645000,142
2017-12-20,28.615000,28.620001,28.430000,28.430000,28.430000,1960
2017-12-21,28.430000,28.525000,28.400000,28.500000,28.500000,1623
2017-12-22,28.475000,28.490000,28.465000,28.475000,28.475000,947
2017-12-27,28.285000,28.465000,28.285000,28.459999,28.459999,799
2017-12-28,28.360001,28.389999,28.290001,28.305000,28.305000,7347
2017-12-29,28.305000,28.330000,28.285000,28.299999,28.299999,2037
2018-01-02,27.910000,28.070000,27.910000,28.035000,28.035000,2054
2018-01-03,28.135000,28.219999,28.100000,28.150000,28.150000,11304
2018-01-04,28.174999,28.219999,28.150000,28.195000,28.195000,592
2018-01-05,28.280001,28.360001,28.280001,28.360001,28.360001,504
2018-01-08,28.525000,28.600000,28.525000,28.580000,28.580000,1329
2018-01-09,28.825001,28.915001,28.825001,28.889999,28.889999,758
2018-01-10,28.740000,28.740000,28.500000,28.629999,28.629999,19446
2018-01-11,28.695000,28.709999,28.485001,28.514999,28.514999,337
2018-01-12,28.504999,28.545000,28.480000,28.545000,28.545000,489
2018-01-15,28.440001,28.440001,28.309999,28.309999,28.309999,697
2018-01-16,28.395000,28.535000,28.395000,28.410000,28.410000,1096
2018-01-17,28.415001,28.584999,28.415001,28.584999,28.584999,901
2018-01-18,28.735001,28.735001,28.540001,28.540001,28.540001,3611
2018-01-19,28.500000,28.629999,28.500000,28.615000,28.615000,421
2018-01-22,28.665001,28.735001,28.559999,28.715000,28.715000,2414
2018-01-23,28.945000,28.945000,28.730000,28.745001,28.745001,1544
2018-01-24,28.655001,28.655001,28.459999,28.459999,28.459999,328
2018-01-25,28.225000,28.254999,28.225000,28.254999,28.254999,200
2018-01-26,28.350000,28.615000,28.350000,28.615000,28.615000,5652
2018-01-29,28.844999,28.910000,28.715000,28.879999,28.879999,10540
2018-01-30,28.605000,28.605000,28.325001,28.459999,28.459999,2036
2018-01-31,28.355000,28.365000,28.215000,28.215000,28.215000,2116
2018-02-01,28.320000,28.320000,28.025000,28.120001,28.120001,1802
2018-02-02,27.885000,27.990000,27.820000,27.820000,27.820000,1330
2018-02-05,27.514999,27.605000,27.365000,27.490000,27.490000,18650
2018-02-06,26.375000,26.610001,26.135000,26.309999,26.309999,3019
2018-02-07,26.799999,27.459999,26.799999,27.385000,27.385000,5686
2018-02-08,27.125000,27.125000,26.834999,26.834999,26.834999,510
2018-02-09,26.500000,26.504999,26.275000,26.365000,26.365000,5306
2018-02-12,26.745001,26.905001,26.740000,26.750000,26.750000,2136
2018-02-13,26.760000,26.760000,26.620001,26.620001,26.620001,2156
2018-02-14,26.879999,26.910000,26.660000,26.660000,26.660000,11120
2018-02-15,26.860001,26.860001,26.764999,26.764999,26.764999,558
2018-02-16,27.094999,27.305000,27.094999,27.305000,27.305000,419
2018-02-19,27.325001,27.389999,27.215000,27.260000,27.260000,1930
2018-02-20,27.415001,27.415001,27.245001,27.285000,27.285000,265
2018-02-21,27.094999,27.360001,27.094999,27.360001,27.360001,105
2018-02-22,27.075001,27.165001,27.035000,27.165001,27.165001,1106
2018-02-23,27.205000,27.309999,27.205000,27.309999,27.309999,114
2018-02-26,27.490000,27.650000,27.490000,27.650000,27.650000,10077
2018-02-27,27.799999,28.014999,27.785000,27.920000,27.920000,3734
2018-02-28,27.795000,27.865000,27.700001,27.700001,27.700001,17954
2018-03-01,27.504999,27.555000,27.395000,27.395000,27.395000,1466
2018-03-02,26.950001,26.950001,26.715000,26.770000,26.770000,605
2018-03-05,26.910000,27.110001,26.885000,27.110001,27.110001,2488
2018-03-06,27.295000,27.295000,27.000000,27.000000,27.000000,1890
2018-03-07,27.000000,27.000000,27.000000,27.000000,27.000000,0
2018-03-08,27.014999,27.254999,27.014999,27.254999,27.254999,130
2018-03-09,27.410000,27.615000,27.410000,27.584999,27.584999,912
2018-03-12,27.840000,27.860001,27.690001,27.690001,27.690001,2299
2018-03-13,27.700001,27.719999,27.485001,27.510000,27.510000,2014
2018-03-14,27.549999,27.575001,27.254999,27.295000,27.295000,718
2018-03-15,27.340000,27.440001,27.290001,27.440001,27.440001,1348
2018-03-16,27.365000,27.584999,27.365000,27.559999,27.559999,624
2018-03-19,27.485001,27.485001,27.105000,27.105000,27.105000,1822
2018-03-20,27.145000,27.264999,27.100000,27.264999,27.264999,177
2018-03-21,27.230000,27.350000,27.190001,27.320000,27.320000,4151
2018-03-22,26.969999,26.969999,26.825001,26.900000,26.900000,332
2018-03-23,26.465000,26.465000,26.315001,26.355000,26.355000,1836
2018-03-26,26.245001,26.245001,25.965000,26.035000,26.035000,114
2018-03-27,26.434999,26.600000,26.434999,26.555000,26.555000,960
2018-03-28,26.254999,26.440001,26.205000,26.424999,26.424999,2611
2018-03-29,26.469999,26.670000,26.469999,26.670000,26.670000,1144
2018-04-03,26.190001,26.455000,26.129999,26.375000,26.375000,1765
2018-04-04,26.514999,26.514999,26.180000,26.485001,26.485001,983
2018-04-05,27.070000,27.215000,26.959999,27.215000,27.215000,1512
2018-04-06,null,null,null,null,null,null
2018-04-09,26.745001,26.780001,26.570000,26.780001,26.780001,2392
2018-04-10,26.855000,26.955000,26.745001,26.955000,26.955000,25783
2018-04-11,26.674999,26.730000,26.674999,26.730000,26.730000,300
2018-04-12,26.730000,27.090000,26.730000,27.025000,27.025000,320
2018-04-13,26.975000,26.990000,26.969999,26.990000,26.990000,2
2018-04-16,26.990000,27.040001,26.975000,27.040001,27.040001,107
2018-04-17,27.139999,27.305000,27.139999,27.305000,27.305000,10089
2018-04-18,27.290001,27.290001,27.225000,27.235001,27.235001,211
2018-04-19,26.915001,26.915001,26.915001,26.915001,26.915001,100
2018-04-20,26.924999,27.000000,26.815001,26.815001,26.815001,1972
2018-04-23,26.915001,27.040001,26.915001,27.035000,27.035000,540
2018-04-24,27.115000,27.165001,27.045000,27.045000,27.045000,606
2018-04-25,26.799999,26.840000,26.770000,26.770000,26.770000,3909
2018-04-26,27.004999,27.139999,27.000000,27.139999,27.139999,1007
2018-04-27,27.385000,27.405001,27.340000,27.340000,27.340000,271
2018-04-30,27.360001,27.490000,27.360001,27.440001,27.440001,1219
2018-05-02,27.139999,27.195000,27.100000,27.115000,27.115000,1631
2018-05-03,26.900000,26.950001,26.700001,26.705000,26.705000,175
2018-05-04,26.955000,27.250000,26.945000,27.250000,27.250000,48
2018-05-07,27.405001,27.495001,27.370001,27.400000,27.400000,1235
2018-05-08,27.375000,27.424999,27.375000,27.395000,27.395000,948
2018-05-09,27.525000,27.525000,27.420000,27.469999,27.469999,1122
2018-05-10,27.709999,27.745001,27.629999,27.745001,27.745001,237
2018-05-11,27.795000,27.795000,27.709999,27.770000,27.770000,674
2018-05-14,27.834999,27.834999,27.735001,27.809999,27.809999,477
2018-05-15,27.834999,27.920000,27.820000,27.840000,27.840000,684
2018-05-16,28.065001,28.135000,28.065001,28.080000,28.080000,371
2018-05-17,27.799999,27.879999,27.740000,27.879999,27.879999,505
2018-05-18,27.830000,27.834999,27.795000,27.834999,27.834999,255
2018-05-21,27.834999,27.834999,27.834999,27.834999,27.834999,0
2018-05-22,28.075001,28.075001,27.940001,28.035000,28.035000,1259
2018-05-23,27.885000,28.025000,27.830000,28.025000,28.025000,2551
2018-05-24,28.100000,28.145000,27.940001,27.940001,27.940001,22647
2018-05-25,27.940001,27.940001,27.940001,27.940001,27.940001,0
2018-05-28,28.125000,28.219999,28.125000,28.195000,28.195000,4107
2018-05-29,28.240000,28.240000,28.165001,28.209999,28.209999,267
2018-05-30,28.115000,28.235001,28.090000,28.235001,28.235001,2816
2018-05-31,null,null,null,null,null,null
2018-06-01,28.084999,28.315001,28.000000,28.250000,28.250000,12782
2018-06-04,28.365000,28.365000,28.230000,28.340000,28.340000,342
2018-06-05,28.275000,28.385000,28.275000,28.320000,28.320000,1407
2018-06-06,28.320000,28.320000,28.174999,28.240000,28.240000,3949
2018-06-07,28.264999,28.340000,28.264999,28.325001,28.325001,211
2018-06-08,28.370001,28.480000,28.370001,28.445000,28.445000,503
2018-06-11,28.500000,28.530001,28.480000,28.480000,28.480000,7395
2018-06-12,28.535000,28.535000,28.475000,28.475000,28.475000,272
2018-06-13,28.580000,28.635000,28.530001,28.530001,28.530001,10721
2018-06-14,28.280001,28.750000,28.280001,28.750000,28.750000,1813
2018-06-15,28.990000,28.990000,28.650000,28.650000,28.650000,1440
2018-06-18,28.889999,28.889999,28.587500,28.587500,28.587500,378
2018-06-19,28.375000,28.627501,28.375000,28.627501,28.627501,1408
2018-06-20,28.825001,28.825001,28.635000,28.635000,28.635000,2596
2018-06-21,28.750000,28.780001,28.457500,28.457500,28.457500,5973
2018-06-22,28.410000,28.559999,28.375000,28.559999,28.559999,1635
2018-06-25,28.465000,28.465000,28.065001,28.065001,28.065001,1141
2018-06-26,28.219999,28.219999,28.174999,28.212500,28.212500,60
2018-06-27,28.105000,28.477501,28.105000,28.477501,28.477501,119
2018-06-28,28.379999,28.379999,28.120001,28.287500,28.287500,4483
2018-06-29,28.264999,28.362499,28.184999,28.362499,28.362499,3636
2018-07-02,28.030001,28.184999,28.030001,28.147499,28.147499,1296
2018-07-03,28.230000,28.340000,28.230000,28.305000,28.305000,647
2018-07-04,28.190001,28.295000,28.190001,28.237499,28.237499,1209
2018-07-05,28.125000,28.240000,28.100000,28.197500,28.197500,1169
2018-07-06,28.240000,28.330000,28.170000,28.330000,28.330000,284
2018-07-09,28.415001,28.469999,28.344999,28.469999,28.469999,6514
2018-07-10,28.520000,28.754999,28.510000,28.647499,28.647499,3032
2018-07-11,28.635000,28.635000,28.570000,28.570000,28.570000,1726
2018-07-12,28.645000,28.830000,28.645000,28.760000,28.760000,584
2018-07-13,28.924999,28.924999,28.889999,28.905001,28.905001,217
2018-07-16,28.834999,28.850000,28.705000,28.705000,28.705000,660
2018-07-17,28.700001,28.895000,28.700001,28.850000,28.850000,176
2018-07-18,29.075001,29.075001,28.969999,28.969999,28.969999,726
2018-07-19,28.969999,28.969999,28.969999,28.969999,28.969999,0
2018-07-20,28.879999,28.885000,28.730000,28.730000,28.730000,36
2018-07-23,28.645000,28.709999,28.639999,28.674999,28.674999,808
2018-07-24,28.764999,28.855000,28.764999,28.855000,28.855000,607
2018-07-25,28.924999,28.975000,28.885000,28.975000,28.975000,1738
2018-07-26,29.045000,29.344999,29.045000,29.325001,29.325001,11056
2018-07-27,29.260000,29.305000,29.260000,29.299999,29.299999,331
2018-07-30,29.105000,29.190001,29.070000,29.094999,29.094999,20884
2018-07-31,29.094999,29.094999,29.094999,29.094999,29.094999,0
2018-08-01,29.320000,29.320000,29.260000,29.285000,29.285000,2405
2018-08-02,29.200001,29.285000,29.200001,29.285000,29.285000,2685
2018-08-03,29.430000,29.615000,29.430000,29.590000,29.590000,354
2018-08-06,29.775000,29.805000,29.690001,29.750000,29.750000,3260
2018-08-07,29.745001,29.815001,29.715000,29.780001,29.780001,2929
2018-08-08,29.695000,29.830000,29.695000,29.745001,29.745001,1481
2018-08-09,29.660000,29.825001,29.660000,29.780001,29.780001,1232
2018-08-10,29.920000,30.040001,29.900000,30.040001,30.040001,1724
2018-08-13,29.920000,30.059999,29.920000,29.969999,29.969999,900
2018-08-14,30.014999,30.205000,30.014999,30.205000,30.205000,1273
2018-08-15,30.205000,30.260000,30.080000,30.110001,30.110001,4036
2018-08-16,30.215000,30.405001,30.215000,30.405001,30.405001,594
2018-08-17,30.450001,30.469999,30.415001,30.469999,30.469999,1564
2018-08-20,30.600000,30.615000,30.540001,30.555000,30.555000,1787
2018-08-21,30.350000,30.385000,30.315001,30.320000,30.320000,2679
2018-08-22,30.129999,30.129999,30.045000,30.090000,30.090000,236
2018-08-23,30.129999,30.129999,29.985001,29.985001,29.985001,245
2018-08-24,30.094999,30.105000,29.924999,29.969999,29.969999,2356
2018-08-27,30.045000,30.045000,29.965000,29.965000,29.965000,155
2018-08-28,29.945000,29.985001,29.850000,29.850000,29.850000,51
2018-08-29,29.969999,29.980000,29.815001,29.980000,29.980000,879
2018-08-30,29.965000,30.000000,29.945000,29.980000,29.980000,817
2018-08-31,29.820000,29.995001,29.820000,29.995001,29.995001,213
2018-09-03,30.025000,30.145000,30.025000,30.080000,30.080000,1800
2018-09-04,30.120001,30.174999,30.084999,30.084999,30.084999,112
2018-09-05,30.075001,30.075001,29.895000,30.040001,30.040001,1518
2018-09-06,30.139999,30.184999,30.125000,30.125000,30.125000,1308
2018-09-07,30.059999,30.235001,30.059999,30.235001,30.235001,781
2018-09-10,30.285000,30.344999,30.230000,30.230000,30.230000,8664
2018-09-11,30.170000,30.230000,30.139999,30.209999,30.209999,2250
2018-09-12,30.195000,30.260000,30.150000,30.174999,30.174999,1043
2018-09-13,30.205000,30.205000,30.070000,30.075001,30.075001,10
2018-09-14,30.115000,30.219999,30.084999,30.209999,30.209999,677
2018-09-17,30.309999,30.309999,30.150000,30.205000,30.205000,409
2018-09-18,30.180000,30.254999,30.139999,30.219999,30.219999,212
2018-09-19,30.334999,30.355000,30.200001,30.315001,30.315001,967
2018-09-20,30.295000,30.295000,30.209999,30.260000,30.260000,72
2018-09-21,30.330000,30.469999,30.290001,30.469999,30.469999,1115
2018-09-24,30.465000,30.465000,30.195000,30.195000,30.195000,102
2018-09-25,30.225000,30.240000,30.184999,30.184999,30.184999,289
2018-09-26,30.080000,30.225000,30.075001,30.190001,30.190001,491
2018-09-27,30.059999,30.334999,30.059999,30.334999,30.334999,1374
2018-09-28,30.350000,30.455000,30.350000,30.430000,30.430000,1238
2018-10-01,30.565001,30.670000,30.549999,30.670000,30.670000,4155
2018-10-02,30.725000,30.820000,30.725000,30.815001,30.815001,1499
2018-10-04,30.955000,30.955000,30.750000,30.750000,30.750000,475
2018-10-05,30.920000,30.920000,30.754999,30.754999,30.754999,1757
2018-10-08,30.805000,30.930000,30.745001,30.889999,30.889999,1165
2018-10-09,30.910000,31.000000,30.910000,30.910000,30.910000,493
2018-10-10,30.870001,30.870001,30.504999,30.504999,30.504999,920
2018-10-11,29.920000,29.920000,29.535000,29.535000,29.535000,14022
2018-10-12,29.405001,29.485001,29.330000,29.330000,29.330000,12076
2018-10-15,29.219999,29.430000,29.155001,29.430000,29.430000,6408
2018-10-16,29.355000,29.565001,29.320000,29.559999,29.559999,6619
2018-10-17,29.719999,29.785000,29.719999,29.740000,29.740000,2752
2018-10-18,29.950001,30.045000,29.834999,29.834999,29.834999,10307
2018-10-19,29.980000,29.995001,29.900000,29.910000,29.910000,1973
2018-10-22,29.840000,29.940001,29.725000,29.725000,29.725000,2288
2018-10-23,29.430000,29.510000,29.334999,29.334999,29.334999,5074
2018-10-24,29.500000,29.830000,29.500000,29.565001,29.565001,3041
2018-10-25,29.245001,29.565001,29.245001,29.545000,29.545000,4069
2018-10-26,29.070000,29.209999,29.070000,29.209999,29.209999,605
2018-10-29,29.125000,29.545000,29.125000,29.510000,29.510000,354
2018-10-30,29.395000,29.610001,29.250000,29.514999,29.514999,8763
2018-10-31,29.995001,30.065001,29.995001,30.004999,30.004999,191
2018-11-01,29.850000,29.955000,29.850000,29.955000,29.955000,841
2018-11-02,30.205000,30.205000,29.790001,29.790001,29.790001,10304
2018-11-05,29.879999,30.139999,29.790001,30.080000,30.080000,3330
2018-11-06,30.075001,30.235001,30.025000,30.184999,30.184999,545
2018-11-07,30.320000,30.395000,30.290001,30.375000,30.375000,8426
2018-11-08,30.730000,30.795000,30.690001,30.750000,30.750000,815
2018-11-09,30.889999,30.940001,30.885000,30.885000,30.885000,918
2018-11-12,31.184999,31.184999,30.915001,30.915001,30.915001,1073
2018-11-13,31.000000,31.000000,30.754999,30.760000,30.760000,3751
2018-11-14,30.485001,30.705000,30.405001,30.405001,30.405001,3024
2018-11-15,30.035000,30.035000,29.785000,29.930000,29.930000,4296
2018-11-16,30.160000,30.160000,29.940001,29.950001,29.950001,43
2018-11-19,30.139999,30.139999,29.844999,29.850000,29.850000,4419
2018-11-20,29.754999,29.775000,29.580000,29.580000,29.580000,2437
2018-11-21,29.559999,29.559999,29.495001,29.495001,29.495001,532
2018-11-22,29.344999,29.344999,29.170000,29.170000,29.170000,16271
2018-11-23,29.295000,29.520000,29.295000,29.480000,29.480000,4862
2018-11-26,29.520000,29.620001,29.504999,29.504999,29.504999,636
2018-11-27,29.635000,29.805000,29.594999,29.795000,29.795000,3244
2018-11-28,30.025000,30.065001,30.014999,30.065001,30.065001,1765
2018-11-29,30.160000,30.205000,30.100000,30.129999,30.129999,1416
2018-11-30,30.215000,30.475000,30.174999,30.410000,30.410000,2457
2018-12-03,null,null,null,null,null,null
2018-12-04,30.590000,30.719999,30.570000,30.715000,30.715000,4184
2018-12-05,30.235001,30.240000,30.145000,30.145000,30.145000,1707
2018-12-06,29.905001,29.905001,29.245001,29.295000,29.295000,4017
2018-12-07,29.700001,29.930000,29.559999,29.559999,29.559999,431
2018-12-10,29.190001,29.209999,28.895000,28.934999,28.934999,10255
2018-12-11,29.389999,29.830000,29.389999,29.690001,29.690001,11598
2018-12-12,29.670000,29.825001,29.670000,29.715000,29.715000,2456
2018-12-13,29.684999,29.709999,29.514999,29.709999,29.709999,3001
2018-12-14,29.450001,29.610001,29.415001,29.415001,29.415001,1373
2018-12-17,29.290001,29.290001,28.955000,29.055000,29.055000,2053
2018-12-18,28.684999,28.715000,28.590000,28.610001,28.610001,1863
2018-12-19,28.400000,28.424999,28.295000,28.344999,28.344999,13764
2018-12-20,27.635000,27.790001,27.570000,27.674999,27.674999,7832
2018-12-21,27.549999,27.950001,27.440001,27.809999,27.809999,3609
2018-12-27,28.900000,28.900000,27.000000,27.184999,27.184999,1667
2018-12-28,27.655001,27.834999,27.655001,27.785000,27.785000,1067
2019-01-02,27.465000,27.980000,27.389999,27.980000,27.980000,1759
2019-01-03,27.750000,27.930000,27.600000,27.600000,27.600000,663
2019-01-04,27.620001,28.075001,27.559999,27.950001,27.950001,6250
2019-01-07,28.200001,28.200001,27.990000,28.190001,28.190001,16209
2019-01-08,28.254999,28.450001,28.254999,28.260000,28.260000,14794
2019-01-09,null,null,null,null,null,null
2019-01-10,null,null,null,null,null,null
2019-01-11,null,null,null,null,null,null
2019-01-14,null,null,null,null,null,null
2019-01-15,null,null,null,null,null,null
2019-01-16,null,null,null,null,null,null
2019-01-17,null,null,null,null,null,null
2019-01-18,null,null,null,null,null,null
2019-01-21,null,null,null,null,null,null
2019-01-22,null,null,null,null,null,null
2019-01-23,null,null,null,null,null,null
2019-01-24,null,null,null,null,null,null
2019-01-25,null,null,null,null,null,null
2019-01-28,null,null,null,null,null,null
2019-01-29,null,null,null,null,null,null
2019-01-30,null,null,null,null,null,null
2019-01-31,null,null,null,null,null,null
2019-02-01,null,null,null,null,null,null
2019-02-04,null,null,null,null,null,null
2019-02-05,null,null,null,null,null,null
2019-02-06,null,null,null,null,null,null
2019-02-07,null,null,null,null,null,null
2019-02-08,null,null,null,null,null,null
2019-02-11,null,null,null,null,null,null
2019-02-12,null,null,null,null,null,null
2019-02-13,null,null,null,null,null,null
2019-02-14,null,null,null,null,null,null
2019-02-15,null,null,null,null,null,null
2019-02-18,null,null,null,null,null,null
2019-02-19,null,null,null,null,null,null
2019-02-20,null,null,null,null,null,null
2019-02-21,null,null,null,null,null,null
2019-02-22,null,null,null,null,null,null
2019-02-25,null,null,null,null,null,null
2019-02-26,null,null,null,null,null,null
2019-02-27,null,null,null,null,null,null
2019-02-28,null,null,null,null,null,null
2019-03-01,null,null,null,null,null,null
2019-03-04,null,null,null,null,null,null
2019-03-05,null,null,null,null,null,null
2019-03-06,null,null,null,null,null,null
2019-03-07,null,null,null,null,null,null
2019-03-08,null,null,null,null,null,null
2019-03-11,null,null,null,null,null,null
2019-03-12,null,null,null,null,null,null
2019-03-13,null,null,null,null,null,null
2019-03-14,null,null,null,null,null,null
2019-03-15,null,null,null,null,null,null
2019-03-18,null,null,null,null,null,null
2019-03-19,null,null,null,null,null,null
2019-03-20,null,null,null,null,null,null
2019-03-21,null,null,null,null,null,null
2019-03-22,null,null,null,null,null,null
2019-03-25,null,null,null,null,null,null
2019-03-26,null,null,null,null,null,null
2019-03-27,null,null,null,null,null,null
2019-03-28,null,null,null,null,null,null
2019-03-29,null,null,null,null,null,null
2019-04-01,null,null,null,null,null,null
2019-04-02,null,null,null,null,null,null
2019-04-03,null,null,null,null,null,null
2019-04-04,null,null,null,null,null,null
2019-04-05,null,null,null,null,null,null
2019-04-08,null,null,null,null,null,null
2019-04-09,null,null,null,null,null,null
2019-04-10,null,null,null,null,null,null
2019-04-11,null,null,null,null,null,null
2019-04-12,null,null,null,null,null,null
2019-04-15,null,null,null,null,null,null
2019-04-16,null,null,null,null,null,null
2019-04-17,null,null,null,null,null,null
2019-04-18,null,null,null,null,null,null
2019-04-23,null,null,null,null,null,null
2019-04-24,null,null,null,null,null,null
2019-04-25,null,null,null,null,null,null
2019-04-26,null,null,null,null,null,null
2019-04-29,null,null,null,null,null,null
2019-04-30,null,null,null,null,null,null
2019-05-02,null,null,null,null,null,null
2019-05-03,null,null,null,null,null,null
2019-05-06,null,null,null,null,null,null
2019-05-07,null,null,null,null,null,null
2019-05-08,null,null,null,null,null,null
2019-05-09,null,null,null,null,null,null
2019-05-10,null,null,null,null,null,null
2019-05-13,null,null,null,null,null,null
2019-05-14,null,null,null,null,null,null
2019-05-15,null,null,null,null,null,null
2019-05-16,null,null,null,null,null,null
2019-05-17,null,null,null,null,null,null
2019-05-20,null,null,null,null,null,null
2019-05-21,null,null,null,null,null,null
2019-05-22,null,null,null,null,null,null
2019-05-23,null,null,null,null,null,null
2019-05-24,null,null,null,null,null,null
2019-05-27,null,null,null,null,null,null
2019-05-28,null,null,null,null,null,null
2019-05-29,null,null,null,null,null,null
2019-05-30,null,null,null,null,null,null
2019-05-31,null,null,null,null,null,null
2019-06-03,null,null,null,null,null,null
2019-06-04,null,null,null,null,null,null
2019-06-05,null,null,null,null,null,null
2019-06-06,null,null,null,null,null,null
2019-06-07,null,null,null,null,null,null
2019-06-11,null,null,null,null,null,null
2019-06-12,null,null,null,null,null,null
2019-06-13,null,null,null,null,null,null
2019-06-14,null,null,null,null,null,null
2019-06-17,null,null,null,null,null,null
2019-06-18,null,null,null,null,null,null
2019-06-19,null,null,null,null,null,null
2019-06-20,null,null,null,null,null,null
2019-06-21,null,null,null,null,null,null
2019-06-24,null,null,null,null,null,null
2019-06-25,null,null,null,null,null,null
2019-06-26,null,null,null,null,null,null
2019-06-27,null,null,null,null,null,null
2019-06-28,null,null,null,null,null,null
2019-07-01,null,null,null,null,null,null
2019-07-02,null,null,null,null,null,null
2019-07-03,null,null,null,null,null,null
2019-07-04,null,null,null,null,null,null
2019-07-05,null,null,null,null,null,null
2019-07-08,null,null,null,null,null,null
2019-07-09,null,null,null,null,null,null
2019-07-10,null,null,null,null,null,null
2019-07-11,null,null,null,null,null,null
2019-07-12,null,null,null,null,null,null
2019-07-15,null,null,null,null,null,null
2019-07-16,null,null,null,null,null,null
2019-07-17,null,null,null,null,null,null
2019-07-18,null,null,null,null,null,null
2019-07-19,null,null,null,null,null,null
2019-07-22,null,null,null,null,null,null
2019-07-23,null,null,null,null,null,null
2019-07-24,null,null,null,null,null,null
2019-07-25,null,null,null,null,null,null
2019-07-26,null,null,null,null,null,null
2019-07-29,null,null,null,null,null,null
2019-07-30,null,null,null,null,null,null
2019-07-31,null,null,null,null,null,null
2019-08-01,null,null,null,null,null,null
2019-08-02,null,null,null,null,null,null
2019-08-05,null,null,null,null,null,null
2019-08-06,null,null,null,null,null,null
2019-08-07,null,null,null,null,null,null
2019-08-08,null,null,null,null,null,null
2019-08-09,null,null,null,null,null,null
2019-08-12,null,null,null,null,null,null
2019-08-13,null,null,null,null,null,null
2019-08-14,null,null,null,null,null,null
2019-08-15,null,null,null,null,null,null
2019-08-16,null,null,null,null,null,null
2019-08-19,null,null,null,null,null,null
2019-08-20,null,null,null,null,null,null
2019-08-21,null,null,null,null,null,null
2019-08-22,null,null,null,null,null,null
2019-08-23,null,null,null,null,null,null
2019-08-26,null,null,null,null,null,null
2019-08-27,null,null,null,null,null,null
2019-08-28,null,null,null,null,null,null
2019-08-29,null,null,null,null,null,null
2019-08-30,null,null,null,null,null,null
2019-09-02,null,null,null,null,null,null
2019-09-03,null,null,null,null,null,null
2019-09-04,null,null,null,null,null,null
2019-09-05,null,null,null,null,null,null
2019-09-06,null,null,null,null,null,null
2019-09-09,null,null,null,null,null,null
2019-09-10,null,null,null,null,null,null
2019-09-11,null,null,null,null,null,null
2019-09-12,null,null,null,null,null,null
2019-09-13,null,null,null,null,null,null
2019-09-16,null,null,null,null,null,null
2019-09-17,null,null,null,null,null,null
2019-09-18,null,null,null,null,null,null
2019-09-19,null,null,null,null,null,null
2019-09-20,null,null,null,null,null,null
2019-09-23,null,null,null,null,null,null
2019-09-24,null,null,null,null,null,null
2019-09-25,null,null,null,null,null,null
2019-09-26,null,null,null,null,null,null
2019-09-27,null,null,null,null,null,null
2019-09-30,null,null,null,null,null,null
2019-10-01,33.619999,33.619999,33.150002,33.150002,33.150002,3954
2019-10-02,null,null,null,null,null,null
2019-10-04,null,null,null,null,null,null
2019-10-07,null,null,null,null,null,null
2019-10-08,32.834999,32.834999,32.400002,32.410000,32.410000,3025
2019-10-09,32.349998,32.490002,32.349998,32.445000,32.445000,68
2019-10-10,32.400002,32.674999,32.285000,32.674999,32.674999,1880
2019-10-11,32.674999,33.009998,32.674999,33.009998,33.009998,905
2019-10-14,null,null,null,null,null,null
2019-10-15,32.895000,32.974998,32.860001,32.930000,32.930000,1067
2019-10-16,null,null,null,null,null,null
2019-10-17,null,null,null,null,null,null
2019-10-18,null,null,null,null,null,null
2019-10-21,32.615002,32.665001,32.525002,32.650002,32.650002,1894
2019-10-22,null,null,null,null,null,null
2019-10-23,null,null,null,null,null,null
2019-10-24,null,null,null,null,null,null
2019-10-25,null,null,null,null,null,null
2019-10-28,null,null,null,null,null,null
2019-10-29,33.099998,33.105000,33.029999,33.105000,33.105000,4942
2019-10-30,null,null,null,null,null,null
2019-10-31,33.029999,33.029999,32.805000,32.810001,32.810001,360
2019-11-01,32.970001,33.139999,32.950001,33.075001,33.075001,10619
